[0.000000] (-) TimerEvent: {}
[0.001449] (beluga_messages) JobQueued: {'identifier': 'beluga_messages', 'dependencies': OrderedDict()}
[0.001555] (beluga) JobQueued: {'identifier': 'beluga', 'dependencies': OrderedDict([('beluga_messages', '/home/admi3ev/Beluga-Firmware-Mod/install/beluga_messages')])}
[0.001591] (example_beluga_client) JobQueued: {'identifier': 'example_beluga_client', 'dependencies': OrderedDict([('beluga_messages', '/home/admi3ev/Beluga-Firmware-Mod/install/beluga_messages')])}
[0.001619] (beluga_messages) JobStarted: {'identifier': 'beluga_messages'}
[0.010833] (beluga_messages) JobProgress: {'identifier': 'beluga_messages', 'progress': 'cmake'}
[0.010910] (beluga_messages) Command: {'cmd': ['/usr/bin/cmake', '/home/admi3ev/Beluga-Firmware-Mod/ROS/src/beluga_messages', '-DCMAKE_INSTALL_PREFIX=/home/admi3ev/Beluga-Firmware-Mod/install/beluga_messages'], 'cwd': '/home/admi3ev/Beluga-Firmware-Mod/build/beluga_messages', 'env': OrderedDict([('LESSOPEN', '| /usr/bin/lesspipe %s'), ('USER', 'admi3ev'), ('USER_ID', '2'), ('XDG_SESSION_TYPE', 'wayland'), ('SHLVL', '1'), ('LD_LIBRARY_PATH', '/home/admi3ev/Beluga-Firmware-Mod/ROS/install/beluga_messages/lib:/home/admi3ev/Beluga-2.0/ROS/install/beluga_messages/lib:/opt/ros/humble/opt/rviz_ogre_vendor/lib:/opt/ros/humble/lib/x86_64-linux-gnu:/opt/ros/humble/lib'), ('HOME', '/home/admi3ev'), ('OLDPWD', '/home/admi3ev'), ('DESKTOP_SESSION', 'ubuntu'), ('ROS_PYTHON_VERSION', '3'), ('GNOME_SHELL_SESSION_MODE', 'ubuntu'), ('GTK_MODULES', 'gail:atk-bridge'), ('SYSTEMD_EXEC_PID', '4360'), ('DBUS_SESSION_BUS_ADDRESS', 'unix:path=/run/user/1000/bus'), ('COLORTERM', 'truecolor'), ('IM_CONFIG_PHASE', '1'), ('WAYLAND_DISPLAY', 'wayland-0'), ('COLCON_PREFIX_PATH', '/home/admi3ev/Beluga-Firmware-Mod/ROS/install:/home/admi3ev/Beluga-2.0/ROS/install'), ('ROS_DISTRO', 'humble'), ('LOGNAME', 'admi3ev'), ('_', '/usr/bin/colcon'), ('ROS_VERSION', '2'), ('XDG_SESSION_CLASS', 'user'), ('USERNAME', 'admi3ev'), ('TERM', 'xterm-256color'), ('GNOME_DESKTOP_SESSION_ID', 'this-is-deprecated'), ('ROS_LOCALHOST_ONLY', '0'), ('PATH', '/opt/ros/humble/bin:/home/admi3ev/.local/bin:/usr/local/sbin:/usr/local/bin:/usr/sbin:/usr/bin:/sbin:/bin:/usr/games:/usr/local/games:/snap/bin:/snap/bin'), ('SESSION_MANAGER', 'local/nuc2:@/tmp/.ICE-unix/1025,unix/nuc2:/tmp/.ICE-unix/1025'), ('XDG_MENU_PREFIX', 'gnome-'), ('GNOME_TERMINAL_SCREEN', '/org/gnome/Terminal/screen/7c1cc392_220a_4895_9b76_a0c293bdefe9'), ('GNOME_SETUP_DISPLAY', ':1'), ('XDG_RUNTIME_DIR', '/run/user/1000'), ('DISPLAY', ':0'), ('LANG', 'en_US.UTF-8'), ('XDG_CURRENT_DESKTOP', 'ubuntu:GNOME'), ('XMODIFIERS', '@im=ibus'), ('XDG_SESSION_DESKTOP', 'ubuntu'), ('XAUTHORITY', '/run/user/1000/.mutter-Xwaylandauth.KC7QL3'), ('LS_COLORS', 'rs=0:di=01;34:ln=01;36:mh=00:pi=40;33:so=01;35:do=01;35:bd=40;33;01:cd=40;33;01:or=40;31;01:mi=00:su=37;41:sg=30;43:ca=30;41:tw=30;42:ow=34;42:st=37;44:ex=01;32:*.tar=01;31:*.tgz=01;31:*.arc=01;31:*.arj=01;31:*.taz=01;31:*.lha=01;31:*.lz4=01;31:*.lzh=01;31:*.lzma=01;31:*.tlz=01;31:*.txz=01;31:*.tzo=01;31:*.t7z=01;31:*.zip=01;31:*.z=01;31:*.dz=01;31:*.gz=01;31:*.lrz=01;31:*.lz=01;31:*.lzo=01;31:*.xz=01;31:*.zst=01;31:*.tzst=01;31:*.bz2=01;31:*.bz=01;31:*.tbz=01;31:*.tbz2=01;31:*.tz=01;31:*.deb=01;31:*.rpm=01;31:*.jar=01;31:*.war=01;31:*.ear=01;31:*.sar=01;31:*.rar=01;31:*.alz=01;31:*.ace=01;31:*.zoo=01;31:*.cpio=01;31:*.7z=01;31:*.rz=01;31:*.cab=01;31:*.wim=01;31:*.swm=01;31:*.dwm=01;31:*.esd=01;31:*.jpg=01;35:*.jpeg=01;35:*.mjpg=01;35:*.mjpeg=01;35:*.gif=01;35:*.bmp=01;35:*.pbm=01;35:*.pgm=01;35:*.ppm=01;35:*.tga=01;35:*.xbm=01;35:*.xpm=01;35:*.tif=01;35:*.tiff=01;35:*.png=01;35:*.svg=01;35:*.svgz=01;35:*.mng=01;35:*.pcx=01;35:*.mov=01;35:*.mpg=01;35:*.mpeg=01;35:*.m2v=01;35:*.mkv=01;35:*.webm=01;35:*.webp=01;35:*.ogm=01;35:*.mp4=01;35:*.m4v=01;35:*.mp4v=01;35:*.vob=01;35:*.qt=01;35:*.nuv=01;35:*.wmv=01;35:*.asf=01;35:*.rm=01;35:*.rmvb=01;35:*.flc=01;35:*.avi=01;35:*.fli=01;35:*.flv=01;35:*.gl=01;35:*.dl=01;35:*.xcf=01;35:*.xwd=01;35:*.yuv=01;35:*.cgm=01;35:*.emf=01;35:*.ogv=01;35:*.ogx=01;35:*.aac=00;36:*.au=00;36:*.flac=00;36:*.m4a=00;36:*.mid=00;36:*.midi=00;36:*.mka=00;36:*.mp3=00;36:*.mpc=00;36:*.ogg=00;36:*.ra=00;36:*.wav=00;36:*.oga=00;36:*.opus=00;36:*.spx=00;36:*.xspf=00;36:'), ('GNOME_TERMINAL_SERVICE', ':1.104'), ('SSH_AGENT_LAUNCHER', 'gnome-keyring'), ('SSH_AUTH_SOCK', '/run/user/1000/keyring/ssh'), ('AMENT_PREFIX_PATH', '/home/admi3ev/Beluga-Firmware-Mod/ROS/install/example_beluga_client:/home/admi3ev/Beluga-Firmware-Mod/ROS/install/beluga:/home/admi3ev/Beluga-Firmware-Mod/ROS/install/beluga_messages:/home/admi3ev/Beluga-2.0/ROS/install/example_beluga_client:/home/admi3ev/Beluga-2.0/ROS/install/beluga:/home/admi3ev/Beluga-2.0/ROS/install/beluga_messages:/opt/ros/humble'), ('SHELL', '/bin/bash'), ('QT_ACCESSIBILITY', '1'), ('GDMSESSION', 'ubuntu'), ('LESSCLOSE', '/usr/bin/lesspipe %s %s'), ('QT_IM_MODULE', 'ibus'), ('PWD', '/home/admi3ev/Beluga-Firmware-Mod/build/beluga_messages'), ('LC_ALL', 'en_US.UTF-8'), ('XDG_CONFIG_DIRS', '/etc/xdg/xdg-ubuntu:/etc/xdg'), ('XDG_DATA_DIRS', '/usr/share/ubuntu:/usr/local/share/:/usr/share/:/var/lib/snapd/desktop'), ('PYTHONPATH', '/home/admi3ev/Beluga-Firmware-Mod/ROS/install/beluga_messages/local/lib/python3.10/dist-packages:/home/admi3ev/Beluga-2.0/ROS/install/beluga_messages/local/lib/python3.10/dist-packages:/opt/ros/humble/lib/python3.10/site-packages:/opt/ros/humble/local/lib/python3.10/dist-packages'), ('COLCON', '1'), ('VTE_VERSION', '6800'), ('CMAKE_PREFIX_PATH', '/home/admi3ev/Beluga-Firmware-Mod/ROS/install/example_beluga_client:/home/admi3ev/Beluga-Firmware-Mod/ROS/install/beluga:/home/admi3ev/Beluga-Firmware-Mod/ROS/install/beluga_messages:/home/admi3ev/Beluga-2.0/ROS/install/example_beluga_client:/home/admi3ev/Beluga-2.0/ROS/install/beluga:/home/admi3ev/Beluga-2.0/ROS/install/beluga_messages:/opt/ros/humble')]), 'shell': False}
[0.072955] (beluga_messages) StdoutLine: {'line': b'-- The C compiler identification is GNU 11.4.0\n'}
[0.097882] (-) TimerEvent: {}
[0.140016] (beluga_messages) StdoutLine: {'line': b'-- The CXX compiler identification is GNU 11.4.0\n'}
[0.150210] (beluga_messages) StdoutLine: {'line': b'-- Detecting C compiler ABI info\n'}
[0.198561] (-) TimerEvent: {}
[0.237750] (beluga_messages) StdoutLine: {'line': b'-- Detecting C compiler ABI info - done\n'}
[0.251637] (beluga_messages) StdoutLine: {'line': b'-- Check for working C compiler: /usr/bin/cc - skipped\n'}
[0.251845] (beluga_messages) StdoutLine: {'line': b'-- Detecting C compile features\n'}
[0.251945] (beluga_messages) StdoutLine: {'line': b'-- Detecting C compile features - done\n'}
[0.254379] (beluga_messages) StdoutLine: {'line': b'-- Detecting CXX compiler ABI info\n'}
[0.299297] (-) TimerEvent: {}
[0.349275] (beluga_messages) StdoutLine: {'line': b'-- Detecting CXX compiler ABI info - done\n'}
[0.361461] (beluga_messages) StdoutLine: {'line': b'-- Check for working CXX compiler: /usr/bin/c++ - skipped\n'}
[0.361750] (beluga_messages) StdoutLine: {'line': b'-- Detecting CXX compile features\n'}
[0.362323] (beluga_messages) StdoutLine: {'line': b'-- Detecting CXX compile features - done\n'}
[0.364865] (beluga_messages) StdoutLine: {'line': b'-- Found ament_cmake: 1.3.13 (/opt/ros/humble/share/ament_cmake/cmake)\n'}
[0.400677] (-) TimerEvent: {}
[0.500953] (-) TimerEvent: {}
[0.521723] (beluga_messages) StdoutLine: {'line': b'-- Found Python3: /usr/bin/python3 (found version "3.10.12") found components: Interpreter \n'}
[0.601066] (-) TimerEvent: {}
[0.613870] (beluga_messages) StdoutLine: {'line': b'-- Found ament_lint_auto: 0.12.15 (/opt/ros/humble/share/ament_lint_auto/cmake)\n'}
[0.694704] (beluga_messages) StdoutLine: {'line': b'-- Found rosidl_default_generators: 1.2.0 (/opt/ros/humble/share/rosidl_default_generators/cmake)\n'}
[0.698420] (beluga_messages) StdoutLine: {'line': b'-- Using all available rosidl_typesupport_c: rosidl_typesupport_fastrtps_c;rosidl_typesupport_introspection_c\n'}
[0.701117] (-) TimerEvent: {}
[0.705304] (beluga_messages) StdoutLine: {'line': b'-- Found rosidl_adapter: 3.1.8 (/opt/ros/humble/share/rosidl_adapter/cmake)\n'}
[0.748708] (beluga_messages) StdoutLine: {'line': b'-- Using all available rosidl_typesupport_cpp: rosidl_typesupport_fastrtps_cpp;rosidl_typesupport_introspection_cpp\n'}
[0.782594] (beluga_messages) StdoutLine: {'line': b'-- Found builtin_interfaces: 1.2.2 (/opt/ros/humble/share/builtin_interfaces/cmake)\n'}
[0.802276] (-) TimerEvent: {}
[0.902584] (-) TimerEvent: {}
[1.002865] (-) TimerEvent: {}
[1.034223] (beluga_messages) StdoutLine: {'line': b'-- Found ament_cmake_ros: 0.10.0 (/opt/ros/humble/share/ament_cmake_ros/cmake)\n'}
[1.105131] (-) TimerEvent: {}
[1.205424] (-) TimerEvent: {}
[1.236141] (beluga_messages) StdoutLine: {'line': b'-- Using all available rosidl_typesupport_c: rosidl_typesupport_fastrtps_c;rosidl_typesupport_introspection_c\n'}
[1.305533] (-) TimerEvent: {}
[1.405946] (-) TimerEvent: {}
[1.496161] (beluga_messages) StdoutLine: {'line': b'-- Using all available rosidl_typesupport_cpp: rosidl_typesupport_fastrtps_cpp;rosidl_typesupport_introspection_cpp\n'}
[1.506050] (-) TimerEvent: {}
[1.519095] (beluga_messages) StdoutLine: {'line': b'-- Found PythonInterp: /usr/bin/python3 (found suitable version "3.10.12", minimum required is "3.6") \n'}
[1.520889] (beluga_messages) StdoutLine: {'line': b'-- Found python_cmake_module: 0.10.0 (/opt/ros/humble/share/python_cmake_module/cmake)\n'}
[1.547567] (beluga_messages) StdoutLine: {'line': b'-- Found PythonLibs: /usr/lib/x86_64-linux-gnu/libpython3.10.so (found suitable version "3.10.12", minimum required is "3.5") \n'}
[1.550347] (beluga_messages) StdoutLine: {'line': b'-- Using PYTHON_EXECUTABLE: /usr/bin/python3\n'}
[1.550558] (beluga_messages) StdoutLine: {'line': b'-- Using PYTHON_INCLUDE_DIRS: /usr/include/python3.10\n'}
[1.550656] (beluga_messages) StdoutLine: {'line': b'-- Using PYTHON_LIBRARIES: /usr/lib/x86_64-linux-gnu/libpython3.10.so\n'}
[1.569308] (beluga_messages) StdoutLine: {'line': b'-- Found PythonExtra: .so  \n'}
[1.606158] (-) TimerEvent: {}
[1.614141] (beluga_messages) StdoutLine: {'line': b"-- Added test 'lint_cmake' to check CMake code style\n"}
[1.614411] (beluga_messages) StdoutLine: {'line': b"-- Added test 'xmllint' to check XML markup files\n"}
[1.620251] (beluga_messages) StdoutLine: {'line': b'-- Configuring done\n'}
[1.680335] (beluga_messages) StdoutLine: {'line': b'-- Generating done\n'}
[1.705280] (beluga_messages) StdoutLine: {'line': b'-- Build files have been written to: /home/admi3ev/Beluga-Firmware-Mod/build/beluga_messages\n'}
[1.706286] (-) TimerEvent: {}
[1.711552] (beluga_messages) CommandEnded: {'returncode': 0}
[1.712245] (beluga_messages) JobProgress: {'identifier': 'beluga_messages', 'progress': 'build'}
[1.713120] (beluga_messages) Command: {'cmd': ['/usr/bin/cmake', '--build', '/home/admi3ev/Beluga-Firmware-Mod/build/beluga_messages', '--', '-j4', '-l4'], 'cwd': '/home/admi3ev/Beluga-Firmware-Mod/build/beluga_messages', 'env': OrderedDict([('LESSOPEN', '| /usr/bin/lesspipe %s'), ('USER', 'admi3ev'), ('USER_ID', '2'), ('XDG_SESSION_TYPE', 'wayland'), ('SHLVL', '1'), ('LD_LIBRARY_PATH', '/home/admi3ev/Beluga-Firmware-Mod/ROS/install/beluga_messages/lib:/home/admi3ev/Beluga-2.0/ROS/install/beluga_messages/lib:/opt/ros/humble/opt/rviz_ogre_vendor/lib:/opt/ros/humble/lib/x86_64-linux-gnu:/opt/ros/humble/lib'), ('HOME', '/home/admi3ev'), ('OLDPWD', '/home/admi3ev'), ('DESKTOP_SESSION', 'ubuntu'), ('ROS_PYTHON_VERSION', '3'), ('GNOME_SHELL_SESSION_MODE', 'ubuntu'), ('GTK_MODULES', 'gail:atk-bridge'), ('SYSTEMD_EXEC_PID', '4360'), ('DBUS_SESSION_BUS_ADDRESS', 'unix:path=/run/user/1000/bus'), ('COLORTERM', 'truecolor'), ('IM_CONFIG_PHASE', '1'), ('WAYLAND_DISPLAY', 'wayland-0'), ('COLCON_PREFIX_PATH', '/home/admi3ev/Beluga-Firmware-Mod/ROS/install:/home/admi3ev/Beluga-2.0/ROS/install'), ('ROS_DISTRO', 'humble'), ('LOGNAME', 'admi3ev'), ('_', '/usr/bin/colcon'), ('ROS_VERSION', '2'), ('XDG_SESSION_CLASS', 'user'), ('USERNAME', 'admi3ev'), ('TERM', 'xterm-256color'), ('GNOME_DESKTOP_SESSION_ID', 'this-is-deprecated'), ('ROS_LOCALHOST_ONLY', '0'), ('PATH', '/opt/ros/humble/bin:/home/admi3ev/.local/bin:/usr/local/sbin:/usr/local/bin:/usr/sbin:/usr/bin:/sbin:/bin:/usr/games:/usr/local/games:/snap/bin:/snap/bin'), ('SESSION_MANAGER', 'local/nuc2:@/tmp/.ICE-unix/1025,unix/nuc2:/tmp/.ICE-unix/1025'), ('XDG_MENU_PREFIX', 'gnome-'), ('GNOME_TERMINAL_SCREEN', '/org/gnome/Terminal/screen/7c1cc392_220a_4895_9b76_a0c293bdefe9'), ('GNOME_SETUP_DISPLAY', ':1'), ('XDG_RUNTIME_DIR', '/run/user/1000'), ('DISPLAY', ':0'), ('LANG', 'en_US.UTF-8'), ('XDG_CURRENT_DESKTOP', 'ubuntu:GNOME'), ('XMODIFIERS', '@im=ibus'), ('XDG_SESSION_DESKTOP', 'ubuntu'), ('XAUTHORITY', '/run/user/1000/.mutter-Xwaylandauth.KC7QL3'), ('LS_COLORS', 'rs=0:di=01;34:ln=01;36:mh=00:pi=40;33:so=01;35:do=01;35:bd=40;33;01:cd=40;33;01:or=40;31;01:mi=00:su=37;41:sg=30;43:ca=30;41:tw=30;42:ow=34;42:st=37;44:ex=01;32:*.tar=01;31:*.tgz=01;31:*.arc=01;31:*.arj=01;31:*.taz=01;31:*.lha=01;31:*.lz4=01;31:*.lzh=01;31:*.lzma=01;31:*.tlz=01;31:*.txz=01;31:*.tzo=01;31:*.t7z=01;31:*.zip=01;31:*.z=01;31:*.dz=01;31:*.gz=01;31:*.lrz=01;31:*.lz=01;31:*.lzo=01;31:*.xz=01;31:*.zst=01;31:*.tzst=01;31:*.bz2=01;31:*.bz=01;31:*.tbz=01;31:*.tbz2=01;31:*.tz=01;31:*.deb=01;31:*.rpm=01;31:*.jar=01;31:*.war=01;31:*.ear=01;31:*.sar=01;31:*.rar=01;31:*.alz=01;31:*.ace=01;31:*.zoo=01;31:*.cpio=01;31:*.7z=01;31:*.rz=01;31:*.cab=01;31:*.wim=01;31:*.swm=01;31:*.dwm=01;31:*.esd=01;31:*.jpg=01;35:*.jpeg=01;35:*.mjpg=01;35:*.mjpeg=01;35:*.gif=01;35:*.bmp=01;35:*.pbm=01;35:*.pgm=01;35:*.ppm=01;35:*.tga=01;35:*.xbm=01;35:*.xpm=01;35:*.tif=01;35:*.tiff=01;35:*.png=01;35:*.svg=01;35:*.svgz=01;35:*.mng=01;35:*.pcx=01;35:*.mov=01;35:*.mpg=01;35:*.mpeg=01;35:*.m2v=01;35:*.mkv=01;35:*.webm=01;35:*.webp=01;35:*.ogm=01;35:*.mp4=01;35:*.m4v=01;35:*.mp4v=01;35:*.vob=01;35:*.qt=01;35:*.nuv=01;35:*.wmv=01;35:*.asf=01;35:*.rm=01;35:*.rmvb=01;35:*.flc=01;35:*.avi=01;35:*.fli=01;35:*.flv=01;35:*.gl=01;35:*.dl=01;35:*.xcf=01;35:*.xwd=01;35:*.yuv=01;35:*.cgm=01;35:*.emf=01;35:*.ogv=01;35:*.ogx=01;35:*.aac=00;36:*.au=00;36:*.flac=00;36:*.m4a=00;36:*.mid=00;36:*.midi=00;36:*.mka=00;36:*.mp3=00;36:*.mpc=00;36:*.ogg=00;36:*.ra=00;36:*.wav=00;36:*.oga=00;36:*.opus=00;36:*.spx=00;36:*.xspf=00;36:'), ('GNOME_TERMINAL_SERVICE', ':1.104'), ('SSH_AGENT_LAUNCHER', 'gnome-keyring'), ('SSH_AUTH_SOCK', '/run/user/1000/keyring/ssh'), ('AMENT_PREFIX_PATH', '/home/admi3ev/Beluga-Firmware-Mod/ROS/install/example_beluga_client:/home/admi3ev/Beluga-Firmware-Mod/ROS/install/beluga:/home/admi3ev/Beluga-Firmware-Mod/ROS/install/beluga_messages:/home/admi3ev/Beluga-2.0/ROS/install/example_beluga_client:/home/admi3ev/Beluga-2.0/ROS/install/beluga:/home/admi3ev/Beluga-2.0/ROS/install/beluga_messages:/opt/ros/humble'), ('SHELL', '/bin/bash'), ('QT_ACCESSIBILITY', '1'), ('GDMSESSION', 'ubuntu'), ('LESSCLOSE', '/usr/bin/lesspipe %s %s'), ('QT_IM_MODULE', 'ibus'), ('PWD', '/home/admi3ev/Beluga-Firmware-Mod/build/beluga_messages'), ('LC_ALL', 'en_US.UTF-8'), ('XDG_CONFIG_DIRS', '/etc/xdg/xdg-ubuntu:/etc/xdg'), ('XDG_DATA_DIRS', '/usr/share/ubuntu:/usr/local/share/:/usr/share/:/var/lib/snapd/desktop'), ('PYTHONPATH', '/home/admi3ev/Beluga-Firmware-Mod/ROS/install/beluga_messages/local/lib/python3.10/dist-packages:/home/admi3ev/Beluga-2.0/ROS/install/beluga_messages/local/lib/python3.10/dist-packages:/opt/ros/humble/lib/python3.10/site-packages:/opt/ros/humble/local/lib/python3.10/dist-packages'), ('COLCON', '1'), ('VTE_VERSION', '6800'), ('CMAKE_PREFIX_PATH', '/home/admi3ev/Beluga-Firmware-Mod/ROS/install/example_beluga_client:/home/admi3ev/Beluga-Firmware-Mod/ROS/install/beluga:/home/admi3ev/Beluga-Firmware-Mod/ROS/install/beluga_messages:/home/admi3ev/Beluga-2.0/ROS/install/example_beluga_client:/home/admi3ev/Beluga-2.0/ROS/install/beluga:/home/admi3ev/Beluga-2.0/ROS/install/beluga_messages:/opt/ros/humble')]), 'shell': False}
[1.780318] (beluga_messages) StdoutLine: {'line': b'[  1%] \x1b[34m\x1b[1mGenerating C code for ROS interfaces\x1b[0m\n'}
[1.791047] (beluga_messages) StdoutLine: {'line': b'[  2%] \x1b[34m\x1b[1mGenerating C++ code for ROS interfaces\x1b[0m\n'}
[1.806057] (beluga_messages) StdoutLine: {'line': b'[  2%] Built target ament_cmake_python_copy_beluga_messages\n'}
[1.807121] (-) TimerEvent: {}
[1.910172] (-) TimerEvent: {}
[2.010485] (-) TimerEvent: {}
[2.110855] (-) TimerEvent: {}
[2.211226] (-) TimerEvent: {}
[2.294537] (beluga_messages) StdoutLine: {'line': b'running egg_info\n'}
[2.295126] (beluga_messages) StdoutLine: {'line': b'creating beluga_messages.egg-info\n'}
[2.295374] (beluga_messages) StdoutLine: {'line': b'writing beluga_messages.egg-info/PKG-INFO\n'}
[2.295530] (beluga_messages) StdoutLine: {'line': b'writing dependency_links to beluga_messages.egg-info/dependency_links.txt\n'}
[2.295721] (beluga_messages) StdoutLine: {'line': b'writing top-level names to beluga_messages.egg-info/top_level.txt\n'}
[2.296014] (beluga_messages) StdoutLine: {'line': b"writing manifest file 'beluga_messages.egg-info/SOURCES.txt'\n"}
[2.298065] (beluga_messages) StdoutLine: {'line': b"reading manifest file 'beluga_messages.egg-info/SOURCES.txt'\n"}
[2.298858] (beluga_messages) StdoutLine: {'line': b"writing manifest file 'beluga_messages.egg-info/SOURCES.txt'\n"}
[2.311325] (-) TimerEvent: {}
[2.328862] (beluga_messages) StdoutLine: {'line': b'[  2%] Built target ament_cmake_python_build_beluga_messages_egg\n'}
[2.411447] (-) TimerEvent: {}
[2.511788] (-) TimerEvent: {}
[2.614051] (-) TimerEvent: {}
[2.617500] (beluga_messages) StdoutLine: {'line': b'[  4%] \x1b[32mBuilding C object CMakeFiles/beluga_messages__rosidl_generator_c.dir/rosidl_generator_c/beluga_messages/msg/detail/beluga_neighbor__functions.c.o\x1b[0m\n'}
[2.624291] (beluga_messages) StdoutLine: {'line': b'[  5%] \x1b[32mBuilding C object CMakeFiles/beluga_messages__rosidl_generator_c.dir/rosidl_generator_c/beluga_messages/msg/detail/beluga_neighbors__functions.c.o\x1b[0m\n'}
[2.625622] (beluga_messages) StdoutLine: {'line': b'[  7%] \x1b[32mBuilding C object CMakeFiles/beluga_messages__rosidl_generator_c.dir/rosidl_generator_c/beluga_messages/srv/detail/beluga_at_command__functions.c.o\x1b[0m\n'}
[2.675874] (beluga_messages) StdoutLine: {'line': b'[  8%] \x1b[32mBuilding C object CMakeFiles/beluga_messages__rosidl_generator_c.dir/rosidl_generator_c/beluga_messages/msg/detail/beluga_range__functions.c.o\x1b[0m\n'}
[2.703494] (beluga_messages) StdoutLine: {'line': b'[  9%] \x1b[32mBuilding C object CMakeFiles/beluga_messages__rosidl_generator_c.dir/rosidl_generator_c/beluga_messages/msg/detail/beluga_ranges__functions.c.o\x1b[0m\n'}
[2.709889] (beluga_messages) StdoutLine: {'line': b'[ 11%] \x1b[32mBuilding C object CMakeFiles/beluga_messages__rosidl_generator_c.dir/rosidl_generator_c/beluga_messages/msg/detail/beluga_exchange__functions.c.o\x1b[0m\n'}
[2.715302] (-) TimerEvent: {}
[2.763869] (beluga_messages) StdoutLine: {'line': b'[ 11%] Built target beluga_messages__cpp\n'}
[2.775739] (beluga_messages) StdoutLine: {'line': b'[ 12%] \x1b[34m\x1b[1mGenerating C++ introspection for ROS interfaces\x1b[0m\n'}
[2.775953] (beluga_messages) StdoutLine: {'line': b'[ 14%] \x1b[34m\x1b[1mGenerating C++ type support for eProsima Fast-RTPS\x1b[0m\n'}
[2.776049] (beluga_messages) StdoutLine: {'line': b'[ 15%] \x1b[34m\x1b[1mGenerating C++ type support dispatch for ROS interfaces\x1b[0m\n'}
[2.785160] (beluga_messages) StdoutLine: {'line': b'[ 16%] \x1b[32m\x1b[1mLinking C shared library libbeluga_messages__rosidl_generator_c.so\x1b[0m\n'}
[2.815404] (-) TimerEvent: {}
[2.826903] (beluga_messages) StdoutLine: {'line': b'[ 16%] Built target beluga_messages__rosidl_generator_c\n'}
[2.838719] (beluga_messages) StdoutLine: {'line': b'[ 18%] \x1b[34m\x1b[1mGenerating C type support for eProsima Fast-RTPS\x1b[0m\n'}
[2.915498] (-) TimerEvent: {}
[3.015781] (-) TimerEvent: {}
[3.116060] (-) TimerEvent: {}
[3.216342] (-) TimerEvent: {}
[3.316627] (-) TimerEvent: {}
[3.329409] (beluga_messages) StdoutLine: {'line': b'[ 19%] \x1b[32mBuilding CXX object CMakeFiles/beluga_messages__rosidl_typesupport_cpp.dir/rosidl_typesupport_cpp/beluga_messages/msg/beluga_neighbor__type_support.cpp.o\x1b[0m\n'}
[3.416733] (-) TimerEvent: {}
[3.518289] (-) TimerEvent: {}
[3.541257] (beluga_messages) StdoutLine: {'line': b'[ 21%] \x1b[32mBuilding CXX object CMakeFiles/beluga_messages__rosidl_typesupport_introspection_cpp.dir/rosidl_typesupport_introspection_cpp/beluga_messages/msg/detail/beluga_neighbor__type_support.cpp.o\x1b[0m\n'}
[3.615692] (beluga_messages) StdoutLine: {'line': b'[ 22%] \x1b[32mBuilding CXX object CMakeFiles/beluga_messages__rosidl_typesupport_fastrtps_c.dir/rosidl_typesupport_fastrtps_c/beluga_messages/msg/detail/beluga_neighbor__type_support_c.cpp.o\x1b[0m\n'}
[3.618389] (-) TimerEvent: {}
[3.717354] (beluga_messages) StdoutLine: {'line': b'[ 23%] \x1b[32mBuilding CXX object CMakeFiles/beluga_messages__rosidl_typesupport_fastrtps_cpp.dir/rosidl_typesupport_fastrtps_cpp/beluga_messages/msg/detail/dds_fastrtps/beluga_neighbor__type_support.cpp.o\x1b[0m\n'}
[3.719151] (-) TimerEvent: {}
[3.757211] (beluga_messages) StdoutLine: {'line': b'[ 25%] \x1b[32mBuilding CXX object CMakeFiles/beluga_messages__rosidl_typesupport_cpp.dir/rosidl_typesupport_cpp/beluga_messages/msg/beluga_neighbors__type_support.cpp.o\x1b[0m\n'}
[3.819262] (-) TimerEvent: {}
[3.920322] (-) TimerEvent: {}
[4.022773] (-) TimerEvent: {}
[4.044374] (beluga_messages) StdoutLine: {'line': b'[ 26%] \x1b[32mBuilding CXX object CMakeFiles/beluga_messages__rosidl_typesupport_fastrtps_c.dir/rosidl_typesupport_fastrtps_c/beluga_messages/msg/detail/beluga_neighbors__type_support_c.cpp.o\x1b[0m\n'}
[4.123167] (-) TimerEvent: {}
[4.182481] (beluga_messages) StdoutLine: {'line': b'[ 28%] \x1b[32mBuilding CXX object CMakeFiles/beluga_messages__rosidl_typesupport_cpp.dir/rosidl_typesupport_cpp/beluga_messages/srv/beluga_at_command__type_support.cpp.o\x1b[0m\n'}
[4.225148] (-) TimerEvent: {}
[4.298160] (beluga_messages) StdoutLine: {'line': b'[ 29%] \x1b[32mBuilding CXX object CMakeFiles/beluga_messages__rosidl_typesupport_introspection_cpp.dir/rosidl_typesupport_introspection_cpp/beluga_messages/msg/detail/beluga_neighbors__type_support.cpp.o\x1b[0m\n'}
[4.328151] (-) TimerEvent: {}
[4.428490] (-) TimerEvent: {}
[4.444487] (beluga_messages) StdoutLine: {'line': b'[ 30%] \x1b[32mBuilding CXX object CMakeFiles/beluga_messages__rosidl_typesupport_fastrtps_cpp.dir/rosidl_typesupport_fastrtps_cpp/beluga_messages/msg/detail/dds_fastrtps/beluga_neighbors__type_support.cpp.o\x1b[0m\n'}
[4.528613] (-) TimerEvent: {}
[4.628984] (-) TimerEvent: {}
[4.633917] (beluga_messages) StdoutLine: {'line': b'[ 32%] \x1b[32mBuilding CXX object CMakeFiles/beluga_messages__rosidl_typesupport_cpp.dir/rosidl_typesupport_cpp/beluga_messages/msg/beluga_range__type_support.cpp.o\x1b[0m\n'}
[4.650092] (beluga_messages) StdoutLine: {'line': b'[ 33%] \x1b[32mBuilding CXX object CMakeFiles/beluga_messages__rosidl_typesupport_fastrtps_c.dir/rosidl_typesupport_fastrtps_c/beluga_messages/srv/detail/beluga_at_command__type_support_c.cpp.o\x1b[0m\n'}
[4.729111] (-) TimerEvent: {}
[4.829437] (-) TimerEvent: {}
[4.930184] (-) TimerEvent: {}
[4.949363] (beluga_messages) StdoutLine: {'line': b'[ 35%] \x1b[32mBuilding CXX object CMakeFiles/beluga_messages__rosidl_typesupport_introspection_cpp.dir/rosidl_typesupport_introspection_cpp/beluga_messages/srv/detail/beluga_at_command__type_support.cpp.o\x1b[0m\n'}
[5.030294] (-) TimerEvent: {}
[5.067727] (beluga_messages) StdoutLine: {'line': b'[ 36%] \x1b[32mBuilding CXX object CMakeFiles/beluga_messages__rosidl_typesupport_cpp.dir/rosidl_typesupport_cpp/beluga_messages/msg/beluga_ranges__type_support.cpp.o\x1b[0m\n'}
[5.130410] (-) TimerEvent: {}
[5.183175] (beluga_messages) StdoutLine: {'line': b'[ 38%] \x1b[32mBuilding CXX object CMakeFiles/beluga_messages__rosidl_typesupport_fastrtps_cpp.dir/rosidl_typesupport_fastrtps_cpp/beluga_messages/srv/detail/dds_fastrtps/beluga_at_command__type_support.cpp.o\x1b[0m\n'}
[5.230526] (-) TimerEvent: {}
[5.294229] (beluga_messages) StdoutLine: {'line': b'[ 39%] \x1b[32mBuilding CXX object CMakeFiles/beluga_messages__rosidl_typesupport_fastrtps_c.dir/rosidl_typesupport_fastrtps_c/beluga_messages/msg/detail/beluga_range__type_support_c.cpp.o\x1b[0m\n'}
[5.330633] (-) TimerEvent: {}
[5.431354] (-) TimerEvent: {}
[5.506055] (beluga_messages) StdoutLine: {'line': b'[ 40%] \x1b[32mBuilding CXX object CMakeFiles/beluga_messages__rosidl_typesupport_introspection_cpp.dir/rosidl_typesupport_introspection_cpp/beluga_messages/msg/detail/beluga_range__type_support.cpp.o\x1b[0m\n'}
[5.531443] (-) TimerEvent: {}
[5.633148] (-) TimerEvent: {}
[5.641729] (beluga_messages) StdoutLine: {'line': b'[ 42%] \x1b[32mBuilding CXX object CMakeFiles/beluga_messages__rosidl_typesupport_cpp.dir/rosidl_typesupport_cpp/beluga_messages/msg/beluga_exchange__type_support.cpp.o\x1b[0m\n'}
[5.733261] (-) TimerEvent: {}
[5.776022] (beluga_messages) StdoutLine: {'line': b'[ 43%] \x1b[32mBuilding CXX object CMakeFiles/beluga_messages__rosidl_typesupport_fastrtps_c.dir/rosidl_typesupport_fastrtps_c/beluga_messages/msg/detail/beluga_ranges__type_support_c.cpp.o\x1b[0m\n'}
[5.833373] (-) TimerEvent: {}
[5.874505] (beluga_messages) StdoutLine: {'line': b'[ 45%] \x1b[32mBuilding CXX object CMakeFiles/beluga_messages__rosidl_typesupport_fastrtps_cpp.dir/rosidl_typesupport_fastrtps_cpp/beluga_messages/msg/detail/dds_fastrtps/beluga_range__type_support.cpp.o\x1b[0m\n'}
[5.939150] (-) TimerEvent: {}
[6.039473] (-) TimerEvent: {}
[6.071685] (beluga_messages) StdoutLine: {'line': b'[ 46%] \x1b[32m\x1b[1mLinking CXX shared library libbeluga_messages__rosidl_typesupport_cpp.so\x1b[0m\n'}
[6.139591] (-) TimerEvent: {}
[6.178072] (beluga_messages) StdoutLine: {'line': b'[ 47%] \x1b[32mBuilding CXX object CMakeFiles/beluga_messages__rosidl_typesupport_introspection_cpp.dir/rosidl_typesupport_introspection_cpp/beluga_messages/msg/detail/beluga_ranges__type_support.cpp.o\x1b[0m\n'}
[6.180744] (beluga_messages) StdoutLine: {'line': b'[ 47%] Built target beluga_messages__rosidl_typesupport_cpp\n'}
[6.210745] (beluga_messages) StdoutLine: {'line': b'[ 49%] \x1b[34m\x1b[1mGenerating C introspection for ROS interfaces\x1b[0m\n'}
[6.239731] (-) TimerEvent: {}
[6.342892] (-) TimerEvent: {}
[6.373178] (beluga_messages) StdoutLine: {'line': b'[ 50%] \x1b[32mBuilding CXX object CMakeFiles/beluga_messages__rosidl_typesupport_fastrtps_c.dir/rosidl_typesupport_fastrtps_c/beluga_messages/msg/detail/beluga_exchange__type_support_c.cpp.o\x1b[0m\n'}
[6.443005] (-) TimerEvent: {}
[6.543344] (-) TimerEvent: {}
[6.621164] (beluga_messages) StdoutLine: {'line': b'[ 52%] \x1b[32mBuilding CXX object CMakeFiles/beluga_messages__rosidl_typesupport_fastrtps_cpp.dir/rosidl_typesupport_fastrtps_cpp/beluga_messages/msg/detail/dds_fastrtps/beluga_ranges__type_support.cpp.o\x1b[0m\n'}
[6.643448] (-) TimerEvent: {}
[6.743774] (-) TimerEvent: {}
[6.769810] (beluga_messages) StdoutLine: {'line': b'[ 53%] \x1b[32mBuilding CXX object CMakeFiles/beluga_messages__rosidl_typesupport_introspection_cpp.dir/rosidl_typesupport_introspection_cpp/beluga_messages/msg/detail/beluga_exchange__type_support.cpp.o\x1b[0m\n'}
[6.843897] (-) TimerEvent: {}
[6.909521] (beluga_messages) StdoutLine: {'line': b'[ 54%] \x1b[32m\x1b[1mLinking CXX shared library libbeluga_messages__rosidl_typesupport_fastrtps_c.so\x1b[0m\n'}
[6.944009] (-) TimerEvent: {}
[7.017653] (beluga_messages) StdoutLine: {'line': b'[ 54%] Built target beluga_messages__rosidl_typesupport_fastrtps_c\n'}
[7.028301] (beluga_messages) StdoutLine: {'line': b'[ 56%] \x1b[32mBuilding CXX object CMakeFiles/beluga_messages__rosidl_typesupport_fastrtps_cpp.dir/rosidl_typesupport_fastrtps_cpp/beluga_messages/msg/detail/dds_fastrtps/beluga_exchange__type_support.cpp.o\x1b[0m\n'}
[7.044133] (-) TimerEvent: {}
[7.144460] (-) TimerEvent: {}
[7.193920] (beluga_messages) StdoutLine: {'line': b'[ 57%] \x1b[32mBuilding C object CMakeFiles/beluga_messages__rosidl_typesupport_introspection_c.dir/rosidl_typesupport_introspection_c/beluga_messages/msg/detail/beluga_neighbor__type_support.c.o\x1b[0m\n'}
[7.205992] (beluga_messages) StdoutLine: {'line': b'[ 59%] \x1b[32mBuilding C object CMakeFiles/beluga_messages__rosidl_typesupport_introspection_c.dir/rosidl_typesupport_introspection_c/beluga_messages/msg/detail/beluga_neighbors__type_support.c.o\x1b[0m\n'}
[7.239138] (beluga_messages) StdoutLine: {'line': b'[ 60%] \x1b[34m\x1b[1mGenerating C type support dispatch for ROS interfaces\x1b[0m\n'}
[7.244562] (-) TimerEvent: {}
[7.246589] (beluga_messages) StdoutLine: {'line': b'[ 61%] \x1b[32mBuilding C object CMakeFiles/beluga_messages__rosidl_typesupport_introspection_c.dir/rosidl_typesupport_introspection_c/beluga_messages/srv/detail/beluga_at_command__type_support.c.o\x1b[0m\n'}
[7.254004] (beluga_messages) StdoutLine: {'line': b'[ 63%] \x1b[32m\x1b[1mLinking CXX shared library libbeluga_messages__rosidl_typesupport_introspection_cpp.so\x1b[0m\n'}
[7.288051] (beluga_messages) StdoutLine: {'line': b'[ 64%] \x1b[32mBuilding C object CMakeFiles/beluga_messages__rosidl_typesupport_introspection_c.dir/rosidl_typesupport_introspection_c/beluga_messages/msg/detail/beluga_range__type_support.c.o\x1b[0m\n'}
[7.332451] (beluga_messages) StdoutLine: {'line': b'[ 66%] \x1b[32mBuilding C object CMakeFiles/beluga_messages__rosidl_typesupport_introspection_c.dir/rosidl_typesupport_introspection_c/beluga_messages/msg/detail/beluga_ranges__type_support.c.o\x1b[0m\n'}
[7.344669] (-) TimerEvent: {}
[7.362970] (beluga_messages) StdoutLine: {'line': b'[ 66%] Built target beluga_messages__rosidl_typesupport_introspection_cpp\n'}
[7.375603] (beluga_messages) StdoutLine: {'line': b'[ 67%] \x1b[32mBuilding C object CMakeFiles/beluga_messages__rosidl_typesupport_introspection_c.dir/rosidl_typesupport_introspection_c/beluga_messages/msg/detail/beluga_exchange__type_support.c.o\x1b[0m\n'}
[7.410619] (beluga_messages) StdoutLine: {'line': b'[ 69%] \x1b[32m\x1b[1mLinking C shared library libbeluga_messages__rosidl_typesupport_introspection_c.so\x1b[0m\n'}
[7.444774] (-) TimerEvent: {}
[7.445119] (beluga_messages) StdoutLine: {'line': b'[ 69%] Built target beluga_messages__rosidl_typesupport_introspection_c\n'}
[7.544863] (-) TimerEvent: {}
[7.572628] (beluga_messages) StdoutLine: {'line': b'[ 70%] \x1b[32m\x1b[1mLinking CXX shared library libbeluga_messages__rosidl_typesupport_fastrtps_cpp.so\x1b[0m\n'}
[7.644974] (-) TimerEvent: {}
[7.664107] (beluga_messages) StdoutLine: {'line': b'[ 70%] Built target beluga_messages__rosidl_typesupport_fastrtps_cpp\n'}
[7.745093] (-) TimerEvent: {}
[7.769130] (beluga_messages) StdoutLine: {'line': b'[ 76%] \x1b[32mBuilding CXX object CMakeFiles/beluga_messages__rosidl_typesupport_c.dir/rosidl_typesupport_c/beluga_messages/msg/beluga_range__type_support.cpp.o\x1b[0m\n'}
[7.769350] (beluga_messages) StdoutLine: {'line': b'[ 76%] \x1b[32mBuilding CXX object CMakeFiles/beluga_messages__rosidl_typesupport_c.dir/rosidl_typesupport_c/beluga_messages/msg/beluga_neighbors__type_support.cpp.o\x1b[0m\n'}
[7.769454] (beluga_messages) StdoutLine: {'line': b'[ 76%] \x1b[32mBuilding CXX object CMakeFiles/beluga_messages__rosidl_typesupport_c.dir/rosidl_typesupport_c/beluga_messages/srv/beluga_at_command__type_support.cpp.o\x1b[0m\n'}
[7.769541] (beluga_messages) StdoutLine: {'line': b'[ 76%] \x1b[32mBuilding CXX object CMakeFiles/beluga_messages__rosidl_typesupport_c.dir/rosidl_typesupport_c/beluga_messages/msg/beluga_neighbor__type_support.cpp.o\x1b[0m\n'}
[7.803427] (beluga_messages) StdoutLine: {'line': b'[ 77%] \x1b[32mBuilding CXX object CMakeFiles/beluga_messages__rosidl_typesupport_c.dir/rosidl_typesupport_c/beluga_messages/msg/beluga_ranges__type_support.cpp.o\x1b[0m\n'}
[7.804989] (beluga_messages) StdoutLine: {'line': b'[ 78%] \x1b[32mBuilding CXX object CMakeFiles/beluga_messages__rosidl_typesupport_c.dir/rosidl_typesupport_c/beluga_messages/msg/beluga_exchange__type_support.cpp.o\x1b[0m\n'}
[7.831984] (beluga_messages) StdoutLine: {'line': b'[ 80%] \x1b[32m\x1b[1mLinking CXX shared library libbeluga_messages__rosidl_typesupport_c.so\x1b[0m\n'}
[7.845196] (-) TimerEvent: {}
[7.871332] (beluga_messages) StdoutLine: {'line': b'[ 80%] Built target beluga_messages__rosidl_typesupport_c\n'}
[7.898357] (beluga_messages) StdoutLine: {'line': b'[ 80%] Built target beluga_messages\n'}
[7.923178] (beluga_messages) StdoutLine: {'line': b'[ 81%] \x1b[34m\x1b[1mGenerating Python code for ROS interfaces\x1b[0m\n'}
[7.945311] (-) TimerEvent: {}
[8.045581] (-) TimerEvent: {}
[8.145844] (-) TimerEvent: {}
[8.246118] (-) TimerEvent: {}
[8.346383] (-) TimerEvent: {}
[8.446644] (-) TimerEvent: {}
[8.546905] (-) TimerEvent: {}
[8.647174] (-) TimerEvent: {}
[8.747452] (-) TimerEvent: {}
[8.847743] (-) TimerEvent: {}
[8.896768] (beluga_messages) StdoutLine: {'line': b'[ 81%] Built target beluga_messages__py\n'}
[8.921901] (beluga_messages) StdoutLine: {'line': b'[ 85%] \x1b[32mBuilding C object CMakeFiles/beluga_messages__rosidl_generator_py.dir/rosidl_generator_py/beluga_messages/msg/_beluga_neighbors_s.c.o\x1b[0m\n'}
[8.922210] (beluga_messages) StdoutLine: {'line': b'[ 85%] \x1b[32mBuilding C object CMakeFiles/beluga_messages__rosidl_generator_py.dir/rosidl_generator_py/beluga_messages/msg/_beluga_neighbor_s.c.o\x1b[0m\n'}
[8.922371] (beluga_messages) StdoutLine: {'line': b'[ 85%] \x1b[32mBuilding C object CMakeFiles/beluga_messages__rosidl_generator_py.dir/rosidl_generator_py/beluga_messages/srv/_beluga_at_command_s.c.o\x1b[0m\n'}
[8.922490] (beluga_messages) StdoutLine: {'line': b'[ 87%] \x1b[32mBuilding C object CMakeFiles/beluga_messages__rosidl_generator_py.dir/rosidl_generator_py/beluga_messages/msg/_beluga_range_s.c.o\x1b[0m\n'}
[8.947858] (-) TimerEvent: {}
[9.041387] (beluga_messages) StdoutLine: {'line': b'[ 88%] \x1b[32mBuilding C object CMakeFiles/beluga_messages__rosidl_generator_py.dir/rosidl_generator_py/beluga_messages/msg/_beluga_ranges_s.c.o\x1b[0m\n'}
[9.045045] (beluga_messages) StdoutLine: {'line': b'[ 90%] \x1b[32mBuilding C object CMakeFiles/beluga_messages__rosidl_generator_py.dir/rosidl_generator_py/beluga_messages/msg/_beluga_exchange_s.c.o\x1b[0m\n'}
[9.047955] (-) TimerEvent: {}
[9.138884] (beluga_messages) StdoutLine: {'line': b'[ 91%] \x1b[32m\x1b[1mLinking C shared library rosidl_generator_py/beluga_messages/libbeluga_messages__rosidl_generator_py.so\x1b[0m\n'}
[9.148056] (-) TimerEvent: {}
[9.182145] (beluga_messages) StdoutLine: {'line': b'[ 91%] Built target beluga_messages__rosidl_generator_py\n'}
[9.218729] (beluga_messages) StdoutLine: {'line': b'[ 95%] \x1b[32mBuilding C object CMakeFiles/beluga_messages__rosidl_typesupport_c__pyext.dir/rosidl_generator_py/beluga_messages/_beluga_messages_s.ep.rosidl_typesupport_c.c.o\x1b[0m\n'}
[9.218979] (beluga_messages) StdoutLine: {'line': b'[ 95%] \x1b[32mBuilding C object CMakeFiles/beluga_messages__rosidl_typesupport_fastrtps_c__pyext.dir/rosidl_generator_py/beluga_messages/_beluga_messages_s.ep.rosidl_typesupport_fastrtps_c.c.o\x1b[0m\n'}
[9.219120] (beluga_messages) StdoutLine: {'line': b'[ 95%] \x1b[32mBuilding C object CMakeFiles/beluga_messages__rosidl_typesupport_introspection_c__pyext.dir/rosidl_generator_py/beluga_messages/_beluga_messages_s.ep.rosidl_typesupport_introspection_c.c.o\x1b[0m\n'}
[9.248148] (-) TimerEvent: {}
[9.351153] (-) TimerEvent: {}
[9.354350] (beluga_messages) StdoutLine: {'line': b'[ 97%] \x1b[32m\x1b[1mLinking C shared library rosidl_generator_py/beluga_messages/beluga_messages_s__rosidl_typesupport_c.cpython-310-x86_64-linux-gnu.so\x1b[0m\n'}
[9.361979] (beluga_messages) StdoutLine: {'line': b'[ 98%] \x1b[32m\x1b[1mLinking C shared library rosidl_generator_py/beluga_messages/beluga_messages_s__rosidl_typesupport_fastrtps_c.cpython-310-x86_64-linux-gnu.so\x1b[0m\n'}
[9.364614] (beluga_messages) StdoutLine: {'line': b'[100%] \x1b[32m\x1b[1mLinking C shared library rosidl_generator_py/beluga_messages/beluga_messages_s__rosidl_typesupport_introspection_c.cpython-310-x86_64-linux-gnu.so\x1b[0m\n'}
[9.401686] (beluga_messages) StdoutLine: {'line': b'[100%] Built target beluga_messages__rosidl_typesupport_c__pyext\n'}
[9.408725] (beluga_messages) StdoutLine: {'line': b'[100%] Built target beluga_messages__rosidl_typesupport_fastrtps_c__pyext\n'}
[9.408951] (beluga_messages) StdoutLine: {'line': b'[100%] Built target beluga_messages__rosidl_typesupport_introspection_c__pyext\n'}
[9.421111] (beluga_messages) CommandEnded: {'returncode': 0}
[9.421766] (beluga_messages) JobProgress: {'identifier': 'beluga_messages', 'progress': 'install'}
[9.430026] (beluga_messages) Command: {'cmd': ['/usr/bin/cmake', '--install', '/home/admi3ev/Beluga-Firmware-Mod/build/beluga_messages'], 'cwd': '/home/admi3ev/Beluga-Firmware-Mod/build/beluga_messages', 'env': OrderedDict([('LESSOPEN', '| /usr/bin/lesspipe %s'), ('USER', 'admi3ev'), ('USER_ID', '2'), ('XDG_SESSION_TYPE', 'wayland'), ('SHLVL', '1'), ('LD_LIBRARY_PATH', '/home/admi3ev/Beluga-Firmware-Mod/ROS/install/beluga_messages/lib:/home/admi3ev/Beluga-2.0/ROS/install/beluga_messages/lib:/opt/ros/humble/opt/rviz_ogre_vendor/lib:/opt/ros/humble/lib/x86_64-linux-gnu:/opt/ros/humble/lib'), ('HOME', '/home/admi3ev'), ('OLDPWD', '/home/admi3ev'), ('DESKTOP_SESSION', 'ubuntu'), ('ROS_PYTHON_VERSION', '3'), ('GNOME_SHELL_SESSION_MODE', 'ubuntu'), ('GTK_MODULES', 'gail:atk-bridge'), ('SYSTEMD_EXEC_PID', '4360'), ('DBUS_SESSION_BUS_ADDRESS', 'unix:path=/run/user/1000/bus'), ('COLORTERM', 'truecolor'), ('IM_CONFIG_PHASE', '1'), ('WAYLAND_DISPLAY', 'wayland-0'), ('COLCON_PREFIX_PATH', '/home/admi3ev/Beluga-Firmware-Mod/ROS/install:/home/admi3ev/Beluga-2.0/ROS/install'), ('ROS_DISTRO', 'humble'), ('LOGNAME', 'admi3ev'), ('_', '/usr/bin/colcon'), ('ROS_VERSION', '2'), ('XDG_SESSION_CLASS', 'user'), ('USERNAME', 'admi3ev'), ('TERM', 'xterm-256color'), ('GNOME_DESKTOP_SESSION_ID', 'this-is-deprecated'), ('ROS_LOCALHOST_ONLY', '0'), ('PATH', '/opt/ros/humble/bin:/home/admi3ev/.local/bin:/usr/local/sbin:/usr/local/bin:/usr/sbin:/usr/bin:/sbin:/bin:/usr/games:/usr/local/games:/snap/bin:/snap/bin'), ('SESSION_MANAGER', 'local/nuc2:@/tmp/.ICE-unix/1025,unix/nuc2:/tmp/.ICE-unix/1025'), ('XDG_MENU_PREFIX', 'gnome-'), ('GNOME_TERMINAL_SCREEN', '/org/gnome/Terminal/screen/7c1cc392_220a_4895_9b76_a0c293bdefe9'), ('GNOME_SETUP_DISPLAY', ':1'), ('XDG_RUNTIME_DIR', '/run/user/1000'), ('DISPLAY', ':0'), ('LANG', 'en_US.UTF-8'), ('XDG_CURRENT_DESKTOP', 'ubuntu:GNOME'), ('XMODIFIERS', '@im=ibus'), ('XDG_SESSION_DESKTOP', 'ubuntu'), ('XAUTHORITY', '/run/user/1000/.mutter-Xwaylandauth.KC7QL3'), ('LS_COLORS', 'rs=0:di=01;34:ln=01;36:mh=00:pi=40;33:so=01;35:do=01;35:bd=40;33;01:cd=40;33;01:or=40;31;01:mi=00:su=37;41:sg=30;43:ca=30;41:tw=30;42:ow=34;42:st=37;44:ex=01;32:*.tar=01;31:*.tgz=01;31:*.arc=01;31:*.arj=01;31:*.taz=01;31:*.lha=01;31:*.lz4=01;31:*.lzh=01;31:*.lzma=01;31:*.tlz=01;31:*.txz=01;31:*.tzo=01;31:*.t7z=01;31:*.zip=01;31:*.z=01;31:*.dz=01;31:*.gz=01;31:*.lrz=01;31:*.lz=01;31:*.lzo=01;31:*.xz=01;31:*.zst=01;31:*.tzst=01;31:*.bz2=01;31:*.bz=01;31:*.tbz=01;31:*.tbz2=01;31:*.tz=01;31:*.deb=01;31:*.rpm=01;31:*.jar=01;31:*.war=01;31:*.ear=01;31:*.sar=01;31:*.rar=01;31:*.alz=01;31:*.ace=01;31:*.zoo=01;31:*.cpio=01;31:*.7z=01;31:*.rz=01;31:*.cab=01;31:*.wim=01;31:*.swm=01;31:*.dwm=01;31:*.esd=01;31:*.jpg=01;35:*.jpeg=01;35:*.mjpg=01;35:*.mjpeg=01;35:*.gif=01;35:*.bmp=01;35:*.pbm=01;35:*.pgm=01;35:*.ppm=01;35:*.tga=01;35:*.xbm=01;35:*.xpm=01;35:*.tif=01;35:*.tiff=01;35:*.png=01;35:*.svg=01;35:*.svgz=01;35:*.mng=01;35:*.pcx=01;35:*.mov=01;35:*.mpg=01;35:*.mpeg=01;35:*.m2v=01;35:*.mkv=01;35:*.webm=01;35:*.webp=01;35:*.ogm=01;35:*.mp4=01;35:*.m4v=01;35:*.mp4v=01;35:*.vob=01;35:*.qt=01;35:*.nuv=01;35:*.wmv=01;35:*.asf=01;35:*.rm=01;35:*.rmvb=01;35:*.flc=01;35:*.avi=01;35:*.fli=01;35:*.flv=01;35:*.gl=01;35:*.dl=01;35:*.xcf=01;35:*.xwd=01;35:*.yuv=01;35:*.cgm=01;35:*.emf=01;35:*.ogv=01;35:*.ogx=01;35:*.aac=00;36:*.au=00;36:*.flac=00;36:*.m4a=00;36:*.mid=00;36:*.midi=00;36:*.mka=00;36:*.mp3=00;36:*.mpc=00;36:*.ogg=00;36:*.ra=00;36:*.wav=00;36:*.oga=00;36:*.opus=00;36:*.spx=00;36:*.xspf=00;36:'), ('GNOME_TERMINAL_SERVICE', ':1.104'), ('SSH_AGENT_LAUNCHER', 'gnome-keyring'), ('SSH_AUTH_SOCK', '/run/user/1000/keyring/ssh'), ('AMENT_PREFIX_PATH', '/home/admi3ev/Beluga-Firmware-Mod/ROS/install/example_beluga_client:/home/admi3ev/Beluga-Firmware-Mod/ROS/install/beluga:/home/admi3ev/Beluga-Firmware-Mod/ROS/install/beluga_messages:/home/admi3ev/Beluga-2.0/ROS/install/example_beluga_client:/home/admi3ev/Beluga-2.0/ROS/install/beluga:/home/admi3ev/Beluga-2.0/ROS/install/beluga_messages:/opt/ros/humble'), ('SHELL', '/bin/bash'), ('QT_ACCESSIBILITY', '1'), ('GDMSESSION', 'ubuntu'), ('LESSCLOSE', '/usr/bin/lesspipe %s %s'), ('QT_IM_MODULE', 'ibus'), ('PWD', '/home/admi3ev/Beluga-Firmware-Mod/build/beluga_messages'), ('LC_ALL', 'en_US.UTF-8'), ('XDG_CONFIG_DIRS', '/etc/xdg/xdg-ubuntu:/etc/xdg'), ('XDG_DATA_DIRS', '/usr/share/ubuntu:/usr/local/share/:/usr/share/:/var/lib/snapd/desktop'), ('PYTHONPATH', '/home/admi3ev/Beluga-Firmware-Mod/ROS/install/beluga_messages/local/lib/python3.10/dist-packages:/home/admi3ev/Beluga-2.0/ROS/install/beluga_messages/local/lib/python3.10/dist-packages:/opt/ros/humble/lib/python3.10/site-packages:/opt/ros/humble/local/lib/python3.10/dist-packages'), ('COLCON', '1'), ('VTE_VERSION', '6800'), ('CMAKE_PREFIX_PATH', '/home/admi3ev/Beluga-Firmware-Mod/ROS/install/example_beluga_client:/home/admi3ev/Beluga-Firmware-Mod/ROS/install/beluga:/home/admi3ev/Beluga-Firmware-Mod/ROS/install/beluga_messages:/home/admi3ev/Beluga-2.0/ROS/install/example_beluga_client:/home/admi3ev/Beluga-2.0/ROS/install/beluga:/home/admi3ev/Beluga-2.0/ROS/install/beluga_messages:/opt/ros/humble')]), 'shell': False}
[9.438287] (beluga_messages) StdoutLine: {'line': b'-- Install configuration: ""\n'}
[9.438533] (beluga_messages) StdoutLine: {'line': b'-- Installing: /home/admi3ev/Beluga-Firmware-Mod/install/beluga_messages/share/ament_index/resource_index/rosidl_interfaces/beluga_messages\n'}
[9.438688] (beluga_messages) StdoutLine: {'line': b'-- Installing: /home/admi3ev/Beluga-Firmware-Mod/install/beluga_messages/include/beluga_messages/beluga_messages\n'}
[9.438822] (beluga_messages) StdoutLine: {'line': b'-- Installing: /home/admi3ev/Beluga-Firmware-Mod/install/beluga_messages/include/beluga_messages/beluga_messages/msg\n'}
[9.438955] (beluga_messages) StdoutLine: {'line': b'-- Installing: /home/admi3ev/Beluga-Firmware-Mod/install/beluga_messages/include/beluga_messages/beluga_messages/msg/beluga_ranges.h\n'}
[9.439032] (beluga_messages) StdoutLine: {'line': b'-- Installing: /home/admi3ev/Beluga-Firmware-Mod/install/beluga_messages/include/beluga_messages/beluga_messages/msg/beluga_range.h\n'}
[9.439147] (beluga_messages) StdoutLine: {'line': b'-- Installing: /home/admi3ev/Beluga-Firmware-Mod/install/beluga_messages/include/beluga_messages/beluga_messages/msg/detail\n'}
[9.439221] (beluga_messages) StdoutLine: {'line': b'-- Installing: /home/admi3ev/Beluga-Firmware-Mod/install/beluga_messages/include/beluga_messages/beluga_messages/msg/detail/beluga_neighbor__functions.c\n'}
[9.439315] (beluga_messages) StdoutLine: {'line': b'-- Installing: /home/admi3ev/Beluga-Firmware-Mod/install/beluga_messages/include/beluga_messages/beluga_messages/msg/detail/beluga_neighbors__functions.h\n'}
[9.439407] (beluga_messages) StdoutLine: {'line': b'-- Installing: /home/admi3ev/Beluga-Firmware-Mod/install/beluga_messages/include/beluga_messages/beluga_messages/msg/detail/beluga_exchange__type_support.h\n'}
[9.439505] (beluga_messages) StdoutLine: {'line': b'-- Installing: /home/admi3ev/Beluga-Firmware-Mod/install/beluga_messages/include/beluga_messages/beluga_messages/msg/detail/beluga_exchange__struct.h\n'}
[9.439572] (beluga_messages) StdoutLine: {'line': b'-- Installing: /home/admi3ev/Beluga-Firmware-Mod/install/beluga_messages/include/beluga_messages/beluga_messages/msg/detail/beluga_ranges__type_support.h\n'}
[9.439659] (beluga_messages) StdoutLine: {'line': b'-- Installing: /home/admi3ev/Beluga-Firmware-Mod/install/beluga_messages/include/beluga_messages/beluga_messages/msg/detail/beluga_neighbors__functions.c\n'}
[9.439743] (beluga_messages) StdoutLine: {'line': b'-- Installing: /home/admi3ev/Beluga-Firmware-Mod/install/beluga_messages/include/beluga_messages/beluga_messages/msg/detail/beluga_range__functions.c\n'}
[9.439830] (beluga_messages) StdoutLine: {'line': b'-- Installing: /home/admi3ev/Beluga-Firmware-Mod/install/beluga_messages/include/beluga_messages/beluga_messages/msg/detail/beluga_neighbors__struct.h\n'}
[9.439908] (beluga_messages) StdoutLine: {'line': b'-- Installing: /home/admi3ev/Beluga-Firmware-Mod/install/beluga_messages/include/beluga_messages/beluga_messages/msg/detail/beluga_ranges__functions.h\n'}
[9.439991] (beluga_messages) StdoutLine: {'line': b'-- Installing: /home/admi3ev/Beluga-Firmware-Mod/install/beluga_messages/include/beluga_messages/beluga_messages/msg/detail/beluga_neighbor__functions.h\n'}
[9.440086] (beluga_messages) StdoutLine: {'line': b'-- Installing: /home/admi3ev/Beluga-Firmware-Mod/install/beluga_messages/include/beluga_messages/beluga_messages/msg/detail/beluga_range__functions.h\n'}
[9.440181] (beluga_messages) StdoutLine: {'line': b'-- Installing: /home/admi3ev/Beluga-Firmware-Mod/install/beluga_messages/include/beluga_messages/beluga_messages/msg/detail/beluga_neighbor__struct.h\n'}
[9.440272] (beluga_messages) StdoutLine: {'line': b'-- Installing: /home/admi3ev/Beluga-Firmware-Mod/install/beluga_messages/include/beluga_messages/beluga_messages/msg/detail/beluga_range__type_support.h\n'}
[9.440362] (beluga_messages) StdoutLine: {'line': b'-- Installing: /home/admi3ev/Beluga-Firmware-Mod/install/beluga_messages/include/beluga_messages/beluga_messages/msg/detail/beluga_exchange__functions.c\n'}
[9.440455] (beluga_messages) StdoutLine: {'line': b'-- Installing: /home/admi3ev/Beluga-Firmware-Mod/install/beluga_messages/include/beluga_messages/beluga_messages/msg/detail/beluga_ranges__functions.c\n'}
[9.440551] (beluga_messages) StdoutLine: {'line': b'-- Installing: /home/admi3ev/Beluga-Firmware-Mod/install/beluga_messages/include/beluga_messages/beluga_messages/msg/detail/beluga_neighbors__type_support.h\n'}
[9.440640] (beluga_messages) StdoutLine: {'line': b'-- Installing: /home/admi3ev/Beluga-Firmware-Mod/install/beluga_messages/include/beluga_messages/beluga_messages/msg/detail/beluga_exchange__functions.h\n'}
[9.440733] (beluga_messages) StdoutLine: {'line': b'-- Installing: /home/admi3ev/Beluga-Firmware-Mod/install/beluga_messages/include/beluga_messages/beluga_messages/msg/detail/beluga_ranges__struct.h\n'}
[9.440829] (beluga_messages) StdoutLine: {'line': b'-- Installing: /home/admi3ev/Beluga-Firmware-Mod/install/beluga_messages/include/beluga_messages/beluga_messages/msg/detail/beluga_range__struct.h\n'}
[9.440934] (beluga_messages) StdoutLine: {'line': b'-- Installing: /home/admi3ev/Beluga-Firmware-Mod/install/beluga_messages/include/beluga_messages/beluga_messages/msg/detail/beluga_neighbor__type_support.h\n'}
[9.441027] (beluga_messages) StdoutLine: {'line': b'-- Installing: /home/admi3ev/Beluga-Firmware-Mod/install/beluga_messages/include/beluga_messages/beluga_messages/msg/rosidl_generator_c__visibility_control.h\n'}
[9.441250] (beluga_messages) StdoutLine: {'line': b'-- Installing: /home/admi3ev/Beluga-Firmware-Mod/install/beluga_messages/include/beluga_messages/beluga_messages/msg/beluga_exchange.h\n'}
[9.441342] (beluga_messages) StdoutLine: {'line': b'-- Installing: /home/admi3ev/Beluga-Firmware-Mod/install/beluga_messages/include/beluga_messages/beluga_messages/msg/beluga_neighbors.h\n'}
[9.441431] (beluga_messages) StdoutLine: {'line': b'-- Installing: /home/admi3ev/Beluga-Firmware-Mod/install/beluga_messages/include/beluga_messages/beluga_messages/msg/beluga_neighbor.h\n'}
[9.441518] (beluga_messages) StdoutLine: {'line': b'-- Installing: /home/admi3ev/Beluga-Firmware-Mod/install/beluga_messages/include/beluga_messages/beluga_messages/srv\n'}
[9.441600] (beluga_messages) StdoutLine: {'line': b'-- Installing: /home/admi3ev/Beluga-Firmware-Mod/install/beluga_messages/include/beluga_messages/beluga_messages/srv/detail\n'}
[9.441684] (beluga_messages) StdoutLine: {'line': b'-- Installing: /home/admi3ev/Beluga-Firmware-Mod/install/beluga_messages/include/beluga_messages/beluga_messages/srv/detail/beluga_at_command__functions.h\n'}
[9.441766] (beluga_messages) StdoutLine: {'line': b'-- Installing: /home/admi3ev/Beluga-Firmware-Mod/install/beluga_messages/include/beluga_messages/beluga_messages/srv/detail/beluga_at_command__struct.h\n'}
[9.441847] (beluga_messages) StdoutLine: {'line': b'-- Installing: /home/admi3ev/Beluga-Firmware-Mod/install/beluga_messages/include/beluga_messages/beluga_messages/srv/detail/beluga_at_command__type_support.h\n'}
[9.441942] (beluga_messages) StdoutLine: {'line': b'-- Installing: /home/admi3ev/Beluga-Firmware-Mod/install/beluga_messages/include/beluga_messages/beluga_messages/srv/detail/beluga_at_command__functions.c\n'}
[9.442044] (beluga_messages) StdoutLine: {'line': b'-- Installing: /home/admi3ev/Beluga-Firmware-Mod/install/beluga_messages/include/beluga_messages/beluga_messages/srv/beluga_at_command.h\n'}
[9.442237] (beluga_messages) StdoutLine: {'line': b'-- Installing: /home/admi3ev/Beluga-Firmware-Mod/install/beluga_messages/share/beluga_messages/environment/library_path.sh\n'}
[9.442358] (beluga_messages) StdoutLine: {'line': b'-- Installing: /home/admi3ev/Beluga-Firmware-Mod/install/beluga_messages/share/beluga_messages/environment/library_path.dsv\n'}
[9.442544] (beluga_messages) StdoutLine: {'line': b'-- Installing: /home/admi3ev/Beluga-Firmware-Mod/install/beluga_messages/lib/libbeluga_messages__rosidl_generator_c.so\n'}
[9.442931] (beluga_messages) StdoutLine: {'line': b'-- Set runtime path of "/home/admi3ev/Beluga-Firmware-Mod/install/beluga_messages/lib/libbeluga_messages__rosidl_generator_c.so" to ""\n'}
[9.443039] (beluga_messages) StdoutLine: {'line': b'-- Up-to-date: /home/admi3ev/Beluga-Firmware-Mod/install/beluga_messages/include/beluga_messages/beluga_messages\n'}
[9.443166] (beluga_messages) StdoutLine: {'line': b'-- Up-to-date: /home/admi3ev/Beluga-Firmware-Mod/install/beluga_messages/include/beluga_messages/beluga_messages/msg\n'}
[9.443264] (beluga_messages) StdoutLine: {'line': b'-- Up-to-date: /home/admi3ev/Beluga-Firmware-Mod/install/beluga_messages/include/beluga_messages/beluga_messages/msg/detail\n'}
[9.443335] (beluga_messages) StdoutLine: {'line': b'-- Installing: /home/admi3ev/Beluga-Firmware-Mod/install/beluga_messages/include/beluga_messages/beluga_messages/msg/detail/beluga_ranges__rosidl_typesupport_fastrtps_c.h\n'}
[9.443405] (beluga_messages) StdoutLine: {'line': b'-- Installing: /home/admi3ev/Beluga-Firmware-Mod/install/beluga_messages/include/beluga_messages/beluga_messages/msg/detail/beluga_neighbors__rosidl_typesupport_fastrtps_c.h\n'}
[9.443494] (beluga_messages) StdoutLine: {'line': b'-- Installing: /home/admi3ev/Beluga-Firmware-Mod/install/beluga_messages/include/beluga_messages/beluga_messages/msg/detail/beluga_range__rosidl_typesupport_fastrtps_c.h\n'}
[9.443604] (beluga_messages) StdoutLine: {'line': b'-- Installing: /home/admi3ev/Beluga-Firmware-Mod/install/beluga_messages/include/beluga_messages/beluga_messages/msg/detail/beluga_neighbor__rosidl_typesupport_fastrtps_c.h\n'}
[9.443686] (beluga_messages) StdoutLine: {'line': b'-- Installing: /home/admi3ev/Beluga-Firmware-Mod/install/beluga_messages/include/beluga_messages/beluga_messages/msg/detail/beluga_exchange__rosidl_typesupport_fastrtps_c.h\n'}
[9.443757] (beluga_messages) StdoutLine: {'line': b'-- Installing: /home/admi3ev/Beluga-Firmware-Mod/install/beluga_messages/include/beluga_messages/beluga_messages/msg/rosidl_typesupport_fastrtps_c__visibility_control.h\n'}
[9.443825] (beluga_messages) StdoutLine: {'line': b'-- Up-to-date: /home/admi3ev/Beluga-Firmware-Mod/install/beluga_messages/include/beluga_messages/beluga_messages/srv\n'}
[9.443914] (beluga_messages) StdoutLine: {'line': b'-- Up-to-date: /home/admi3ev/Beluga-Firmware-Mod/install/beluga_messages/include/beluga_messages/beluga_messages/srv/detail\n'}
[9.444010] (beluga_messages) StdoutLine: {'line': b'-- Installing: /home/admi3ev/Beluga-Firmware-Mod/install/beluga_messages/include/beluga_messages/beluga_messages/srv/detail/beluga_at_command__rosidl_typesupport_fastrtps_c.h\n'}
[9.444079] (beluga_messages) StdoutLine: {'line': b'-- Installing: /home/admi3ev/Beluga-Firmware-Mod/install/beluga_messages/lib/libbeluga_messages__rosidl_typesupport_fastrtps_c.so\n'}
[9.444279] (beluga_messages) StdoutLine: {'line': b'-- Set runtime path of "/home/admi3ev/Beluga-Firmware-Mod/install/beluga_messages/lib/libbeluga_messages__rosidl_typesupport_fastrtps_c.so" to ""\n'}
[9.444378] (beluga_messages) StdoutLine: {'line': b'-- Up-to-date: /home/admi3ev/Beluga-Firmware-Mod/install/beluga_messages/include/beluga_messages/beluga_messages\n'}
[9.444469] (beluga_messages) StdoutLine: {'line': b'-- Up-to-date: /home/admi3ev/Beluga-Firmware-Mod/install/beluga_messages/include/beluga_messages/beluga_messages/msg\n'}
[9.444555] (beluga_messages) StdoutLine: {'line': b'-- Up-to-date: /home/admi3ev/Beluga-Firmware-Mod/install/beluga_messages/include/beluga_messages/beluga_messages/msg/detail\n'}
[9.444622] (beluga_messages) StdoutLine: {'line': b'-- Installing: /home/admi3ev/Beluga-Firmware-Mod/install/beluga_messages/include/beluga_messages/beluga_messages/msg/detail/beluga_neighbor__type_support.c\n'}
[9.444712] (beluga_messages) StdoutLine: {'line': b'-- Installing: /home/admi3ev/Beluga-Firmware-Mod/install/beluga_messages/include/beluga_messages/beluga_messages/msg/detail/beluga_range__type_support.c\n'}
[9.444800] (beluga_messages) StdoutLine: {'line': b'-- Installing: /home/admi3ev/Beluga-Firmware-Mod/install/beluga_messages/include/beluga_messages/beluga_messages/msg/detail/beluga_neighbors__rosidl_typesupport_introspection_c.h\n'}
[9.444887] (beluga_messages) StdoutLine: {'line': b'-- Installing: /home/admi3ev/Beluga-Firmware-Mod/install/beluga_messages/include/beluga_messages/beluga_messages/msg/detail/beluga_neighbors__type_support.c\n'}
[9.444974] (beluga_messages) StdoutLine: {'line': b'-- Installing: /home/admi3ev/Beluga-Firmware-Mod/install/beluga_messages/include/beluga_messages/beluga_messages/msg/detail/beluga_exchange__type_support.c\n'}
[9.445060] (beluga_messages) StdoutLine: {'line': b'-- Installing: /home/admi3ev/Beluga-Firmware-Mod/install/beluga_messages/include/beluga_messages/beluga_messages/msg/detail/beluga_exchange__rosidl_typesupport_introspection_c.h\n'}
[9.445159] (beluga_messages) StdoutLine: {'line': b'-- Installing: /home/admi3ev/Beluga-Firmware-Mod/install/beluga_messages/include/beluga_messages/beluga_messages/msg/detail/beluga_range__rosidl_typesupport_introspection_c.h\n'}
[9.445225] (beluga_messages) StdoutLine: {'line': b'-- Installing: /home/admi3ev/Beluga-Firmware-Mod/install/beluga_messages/include/beluga_messages/beluga_messages/msg/detail/beluga_neighbor__rosidl_typesupport_introspection_c.h\n'}
[9.445311] (beluga_messages) StdoutLine: {'line': b'-- Installing: /home/admi3ev/Beluga-Firmware-Mod/install/beluga_messages/include/beluga_messages/beluga_messages/msg/detail/beluga_ranges__type_support.c\n'}
[9.445396] (beluga_messages) StdoutLine: {'line': b'-- Installing: /home/admi3ev/Beluga-Firmware-Mod/install/beluga_messages/include/beluga_messages/beluga_messages/msg/detail/beluga_ranges__rosidl_typesupport_introspection_c.h\n'}
[9.445486] (beluga_messages) StdoutLine: {'line': b'-- Installing: /home/admi3ev/Beluga-Firmware-Mod/install/beluga_messages/include/beluga_messages/beluga_messages/msg/rosidl_typesupport_introspection_c__visibility_control.h\n'}
[9.445573] (beluga_messages) StdoutLine: {'line': b'-- Up-to-date: /home/admi3ev/Beluga-Firmware-Mod/install/beluga_messages/include/beluga_messages/beluga_messages/srv\n'}
[9.445672] (beluga_messages) StdoutLine: {'line': b'-- Up-to-date: /home/admi3ev/Beluga-Firmware-Mod/install/beluga_messages/include/beluga_messages/beluga_messages/srv/detail\n'}
[9.445736] (beluga_messages) StdoutLine: {'line': b'-- Installing: /home/admi3ev/Beluga-Firmware-Mod/install/beluga_messages/include/beluga_messages/beluga_messages/srv/detail/beluga_at_command__type_support.c\n'}
[9.445799] (beluga_messages) StdoutLine: {'line': b'-- Installing: /home/admi3ev/Beluga-Firmware-Mod/install/beluga_messages/include/beluga_messages/beluga_messages/srv/detail/beluga_at_command__rosidl_typesupport_introspection_c.h\n'}
[9.445885] (beluga_messages) StdoutLine: {'line': b'-- Installing: /home/admi3ev/Beluga-Firmware-Mod/install/beluga_messages/lib/libbeluga_messages__rosidl_typesupport_introspection_c.so\n'}
[9.446187] (beluga_messages) StdoutLine: {'line': b'-- Set runtime path of "/home/admi3ev/Beluga-Firmware-Mod/install/beluga_messages/lib/libbeluga_messages__rosidl_typesupport_introspection_c.so" to ""\n'}
[9.446285] (beluga_messages) StdoutLine: {'line': b'-- Installing: /home/admi3ev/Beluga-Firmware-Mod/install/beluga_messages/lib/libbeluga_messages__rosidl_typesupport_c.so\n'}
[9.446564] (beluga_messages) StdoutLine: {'line': b'-- Set runtime path of "/home/admi3ev/Beluga-Firmware-Mod/install/beluga_messages/lib/libbeluga_messages__rosidl_typesupport_c.so" to ""\n'}
[9.446660] (beluga_messages) StdoutLine: {'line': b'-- Up-to-date: /home/admi3ev/Beluga-Firmware-Mod/install/beluga_messages/include/beluga_messages/beluga_messages\n'}
[9.446748] (beluga_messages) StdoutLine: {'line': b'-- Up-to-date: /home/admi3ev/Beluga-Firmware-Mod/install/beluga_messages/include/beluga_messages/beluga_messages/msg\n'}
[9.446845] (beluga_messages) StdoutLine: {'line': b'-- Installing: /home/admi3ev/Beluga-Firmware-Mod/install/beluga_messages/include/beluga_messages/beluga_messages/msg/beluga_neighbors.hpp\n'}
[9.446914] (beluga_messages) StdoutLine: {'line': b'-- Installing: /home/admi3ev/Beluga-Firmware-Mod/install/beluga_messages/include/beluga_messages/beluga_messages/msg/beluga_neighbor.hpp\n'}
[9.446999] (beluga_messages) StdoutLine: {'line': b'-- Up-to-date: /home/admi3ev/Beluga-Firmware-Mod/install/beluga_messages/include/beluga_messages/beluga_messages/msg/detail\n'}
[9.447111] (beluga_messages) StdoutLine: {'line': b'-- Installing: /home/admi3ev/Beluga-Firmware-Mod/install/beluga_messages/include/beluga_messages/beluga_messages/msg/detail/beluga_exchange__type_support.hpp\n'}
[9.447183] (beluga_messages) StdoutLine: {'line': b'-- Installing: /home/admi3ev/Beluga-Firmware-Mod/install/beluga_messages/include/beluga_messages/beluga_messages/msg/detail/beluga_range__type_support.hpp\n'}
[9.447249] (beluga_messages) StdoutLine: {'line': b'-- Installing: /home/admi3ev/Beluga-Firmware-Mod/install/beluga_messages/include/beluga_messages/beluga_messages/msg/detail/beluga_neighbors__traits.hpp\n'}
[9.447334] (beluga_messages) StdoutLine: {'line': b'-- Installing: /home/admi3ev/Beluga-Firmware-Mod/install/beluga_messages/include/beluga_messages/beluga_messages/msg/detail/beluga_neighbor__builder.hpp\n'}
[9.447421] (beluga_messages) StdoutLine: {'line': b'-- Installing: /home/admi3ev/Beluga-Firmware-Mod/install/beluga_messages/include/beluga_messages/beluga_messages/msg/detail/beluga_neighbors__type_support.hpp\n'}
[9.447507] (beluga_messages) StdoutLine: {'line': b'-- Installing: /home/admi3ev/Beluga-Firmware-Mod/install/beluga_messages/include/beluga_messages/beluga_messages/msg/detail/beluga_ranges__builder.hpp\n'}
[9.447593] (beluga_messages) StdoutLine: {'line': b'-- Installing: /home/admi3ev/Beluga-Firmware-Mod/install/beluga_messages/include/beluga_messages/beluga_messages/msg/detail/beluga_neighbors__struct.hpp\n'}
[9.447687] (beluga_messages) StdoutLine: {'line': b'-- Installing: /home/admi3ev/Beluga-Firmware-Mod/install/beluga_messages/include/beluga_messages/beluga_messages/msg/detail/beluga_exchange__builder.hpp\n'}
[9.447751] (beluga_messages) StdoutLine: {'line': b'-- Installing: /home/admi3ev/Beluga-Firmware-Mod/install/beluga_messages/include/beluga_messages/beluga_messages/msg/detail/beluga_range__struct.hpp\n'}
[9.447835] (beluga_messages) StdoutLine: {'line': b'-- Installing: /home/admi3ev/Beluga-Firmware-Mod/install/beluga_messages/include/beluga_messages/beluga_messages/msg/detail/beluga_ranges__type_support.hpp\n'}
[9.447921] (beluga_messages) StdoutLine: {'line': b'-- Installing: /home/admi3ev/Beluga-Firmware-Mod/install/beluga_messages/include/beluga_messages/beluga_messages/msg/detail/beluga_exchange__struct.hpp\n'}
[9.448006] (beluga_messages) StdoutLine: {'line': b'-- Installing: /home/admi3ev/Beluga-Firmware-Mod/install/beluga_messages/include/beluga_messages/beluga_messages/msg/detail/beluga_neighbor__struct.hpp\n'}
[9.448085] (beluga_messages) StdoutLine: {'line': b'-- Installing: /home/admi3ev/Beluga-Firmware-Mod/install/beluga_messages/include/beluga_messages/beluga_messages/msg/detail/beluga_exchange__traits.hpp\n'}
[9.448181] (beluga_messages) StdoutLine: {'line': b'-- Installing: /home/admi3ev/Beluga-Firmware-Mod/install/beluga_messages/include/beluga_messages/beluga_messages/msg/detail/beluga_range__builder.hpp\n'}
[9.448279] (beluga_messages) StdoutLine: {'line': b'-- Installing: /home/admi3ev/Beluga-Firmware-Mod/install/beluga_messages/include/beluga_messages/beluga_messages/msg/detail/beluga_range__traits.hpp\n'}
[9.448379] (beluga_messages) StdoutLine: {'line': b'-- Installing: /home/admi3ev/Beluga-Firmware-Mod/install/beluga_messages/include/beluga_messages/beluga_messages/msg/detail/beluga_neighbor__type_support.hpp\n'}
[9.448476] (beluga_messages) StdoutLine: {'line': b'-- Installing: /home/admi3ev/Beluga-Firmware-Mod/install/beluga_messages/include/beluga_messages/beluga_messages/msg/detail/beluga_ranges__struct.hpp\n'}
[9.448575] (beluga_messages) StdoutLine: {'line': b'-- Installing: /home/admi3ev/Beluga-Firmware-Mod/install/beluga_messages/include/beluga_messages/beluga_messages/msg/detail/beluga_ranges__traits.hpp\n'}
[9.448671] (beluga_messages) StdoutLine: {'line': b'-- Installing: /home/admi3ev/Beluga-Firmware-Mod/install/beluga_messages/include/beluga_messages/beluga_messages/msg/detail/beluga_neighbors__builder.hpp\n'}
[9.448766] (beluga_messages) StdoutLine: {'line': b'-- Installing: /home/admi3ev/Beluga-Firmware-Mod/install/beluga_messages/include/beluga_messages/beluga_messages/msg/detail/beluga_neighbor__traits.hpp\n'}
[9.448865] (beluga_messages) StdoutLine: {'line': b'-- Installing: /home/admi3ev/Beluga-Firmware-Mod/install/beluga_messages/include/beluga_messages/beluga_messages/msg/beluga_range.hpp\n'}
[9.448953] (beluga_messages) StdoutLine: {'line': b'-- Installing: /home/admi3ev/Beluga-Firmware-Mod/install/beluga_messages/include/beluga_messages/beluga_messages/msg/beluga_ranges.hpp\n'}
[9.449040] (beluga_messages) StdoutLine: {'line': b'-- Installing: /home/admi3ev/Beluga-Firmware-Mod/install/beluga_messages/include/beluga_messages/beluga_messages/msg/beluga_exchange.hpp\n'}
[9.449136] (beluga_messages) StdoutLine: {'line': b'-- Installing: /home/admi3ev/Beluga-Firmware-Mod/install/beluga_messages/include/beluga_messages/beluga_messages/msg/rosidl_generator_cpp__visibility_control.hpp\n'}
[9.449221] (beluga_messages) StdoutLine: {'line': b'-- Up-to-date: /home/admi3ev/Beluga-Firmware-Mod/install/beluga_messages/include/beluga_messages/beluga_messages/srv\n'}
[9.449307] (beluga_messages) StdoutLine: {'line': b'-- Up-to-date: /home/admi3ev/Beluga-Firmware-Mod/install/beluga_messages/include/beluga_messages/beluga_messages/srv/detail\n'}
[9.449394] (beluga_messages) StdoutLine: {'line': b'-- Installing: /home/admi3ev/Beluga-Firmware-Mod/install/beluga_messages/include/beluga_messages/beluga_messages/srv/detail/beluga_at_command__struct.hpp\n'}
[9.449481] (beluga_messages) StdoutLine: {'line': b'-- Installing: /home/admi3ev/Beluga-Firmware-Mod/install/beluga_messages/include/beluga_messages/beluga_messages/srv/detail/beluga_at_command__type_support.hpp\n'}
[9.449569] (beluga_messages) StdoutLine: {'line': b'-- Installing: /home/admi3ev/Beluga-Firmware-Mod/install/beluga_messages/include/beluga_messages/beluga_messages/srv/detail/beluga_at_command__traits.hpp\n'}
[9.449656] (beluga_messages) StdoutLine: {'line': b'-- Installing: /home/admi3ev/Beluga-Firmware-Mod/install/beluga_messages/include/beluga_messages/beluga_messages/srv/detail/beluga_at_command__builder.hpp\n'}
[9.449744] (beluga_messages) StdoutLine: {'line': b'-- Installing: /home/admi3ev/Beluga-Firmware-Mod/install/beluga_messages/include/beluga_messages/beluga_messages/srv/beluga_at_command.hpp\n'}
[9.449821] (beluga_messages) StdoutLine: {'line': b'-- Up-to-date: /home/admi3ev/Beluga-Firmware-Mod/install/beluga_messages/include/beluga_messages/beluga_messages\n'}
[9.449907] (beluga_messages) StdoutLine: {'line': b'-- Up-to-date: /home/admi3ev/Beluga-Firmware-Mod/install/beluga_messages/include/beluga_messages/beluga_messages/msg\n'}
[9.450006] (beluga_messages) StdoutLine: {'line': b'-- Up-to-date: /home/admi3ev/Beluga-Firmware-Mod/install/beluga_messages/include/beluga_messages/beluga_messages/msg/detail\n'}
[9.450070] (beluga_messages) StdoutLine: {'line': b'-- Installing: /home/admi3ev/Beluga-Firmware-Mod/install/beluga_messages/include/beluga_messages/beluga_messages/msg/detail/beluga_neighbors__rosidl_typesupport_fastrtps_cpp.hpp\n'}
[9.450153] (beluga_messages) StdoutLine: {'line': b'-- Installing: /home/admi3ev/Beluga-Firmware-Mod/install/beluga_messages/include/beluga_messages/beluga_messages/msg/detail/beluga_exchange__rosidl_typesupport_fastrtps_cpp.hpp\n'}
[9.450218] (beluga_messages) StdoutLine: {'line': b'-- Installing: /home/admi3ev/Beluga-Firmware-Mod/install/beluga_messages/include/beluga_messages/beluga_messages/msg/detail/beluga_range__rosidl_typesupport_fastrtps_cpp.hpp\n'}
[9.450313] (beluga_messages) StdoutLine: {'line': b'-- Installing: /home/admi3ev/Beluga-Firmware-Mod/install/beluga_messages/include/beluga_messages/beluga_messages/msg/detail/beluga_ranges__rosidl_typesupport_fastrtps_cpp.hpp\n'}
[9.450378] (beluga_messages) StdoutLine: {'line': b'-- Installing: /home/admi3ev/Beluga-Firmware-Mod/install/beluga_messages/include/beluga_messages/beluga_messages/msg/detail/dds_fastrtps\n'}
[9.450462] (beluga_messages) StdoutLine: {'line': b'-- Installing: /home/admi3ev/Beluga-Firmware-Mod/install/beluga_messages/include/beluga_messages/beluga_messages/msg/detail/beluga_neighbor__rosidl_typesupport_fastrtps_cpp.hpp\n'}
[9.450549] (beluga_messages) StdoutLine: {'line': b'-- Installing: /home/admi3ev/Beluga-Firmware-Mod/install/beluga_messages/include/beluga_messages/beluga_messages/msg/rosidl_typesupport_fastrtps_cpp__visibility_control.h\n'}
[9.450640] (beluga_messages) StdoutLine: {'line': b'-- Up-to-date: /home/admi3ev/Beluga-Firmware-Mod/install/beluga_messages/include/beluga_messages/beluga_messages/srv\n'}
[9.450708] (beluga_messages) StdoutLine: {'line': b'-- Up-to-date: /home/admi3ev/Beluga-Firmware-Mod/install/beluga_messages/include/beluga_messages/beluga_messages/srv/detail\n'}
[9.450795] (beluga_messages) StdoutLine: {'line': b'-- Installing: /home/admi3ev/Beluga-Firmware-Mod/install/beluga_messages/include/beluga_messages/beluga_messages/srv/detail/beluga_at_command__rosidl_typesupport_fastrtps_cpp.hpp\n'}
[9.450886] (beluga_messages) StdoutLine: {'line': b'-- Installing: /home/admi3ev/Beluga-Firmware-Mod/install/beluga_messages/include/beluga_messages/beluga_messages/srv/detail/dds_fastrtps\n'}
[9.450952] (beluga_messages) StdoutLine: {'line': b'-- Installing: /home/admi3ev/Beluga-Firmware-Mod/install/beluga_messages/lib/libbeluga_messages__rosidl_typesupport_fastrtps_cpp.so\n'}
[9.451203] (-) TimerEvent: {}
[9.451386] (beluga_messages) StdoutLine: {'line': b'-- Set runtime path of "/home/admi3ev/Beluga-Firmware-Mod/install/beluga_messages/lib/libbeluga_messages__rosidl_typesupport_fastrtps_cpp.so" to ""\n'}
[9.451519] (beluga_messages) StdoutLine: {'line': b'-- Up-to-date: /home/admi3ev/Beluga-Firmware-Mod/install/beluga_messages/include/beluga_messages/beluga_messages\n'}
[9.451591] (beluga_messages) StdoutLine: {'line': b'-- Up-to-date: /home/admi3ev/Beluga-Firmware-Mod/install/beluga_messages/include/beluga_messages/beluga_messages/msg\n'}
[9.451657] (beluga_messages) StdoutLine: {'line': b'-- Up-to-date: /home/admi3ev/Beluga-Firmware-Mod/install/beluga_messages/include/beluga_messages/beluga_messages/msg/detail\n'}
[9.451762] (beluga_messages) StdoutLine: {'line': b'-- Installing: /home/admi3ev/Beluga-Firmware-Mod/install/beluga_messages/include/beluga_messages/beluga_messages/msg/detail/beluga_ranges__rosidl_typesupport_introspection_cpp.hpp\n'}
[9.451830] (beluga_messages) StdoutLine: {'line': b'-- Installing: /home/admi3ev/Beluga-Firmware-Mod/install/beluga_messages/include/beluga_messages/beluga_messages/msg/detail/beluga_range__rosidl_typesupport_introspection_cpp.hpp\n'}
[9.451898] (beluga_messages) StdoutLine: {'line': b'-- Installing: /home/admi3ev/Beluga-Firmware-Mod/install/beluga_messages/include/beluga_messages/beluga_messages/msg/detail/beluga_neighbor__rosidl_typesupport_introspection_cpp.hpp\n'}
[9.451985] (beluga_messages) StdoutLine: {'line': b'-- Installing: /home/admi3ev/Beluga-Firmware-Mod/install/beluga_messages/include/beluga_messages/beluga_messages/msg/detail/beluga_neighbor__type_support.cpp\n'}
[9.452066] (beluga_messages) StdoutLine: {'line': b'-- Installing: /home/admi3ev/Beluga-Firmware-Mod/install/beluga_messages/include/beluga_messages/beluga_messages/msg/detail/beluga_range__type_support.cpp\n'}
[9.452157] (beluga_messages) StdoutLine: {'line': b'-- Installing: /home/admi3ev/Beluga-Firmware-Mod/install/beluga_messages/include/beluga_messages/beluga_messages/msg/detail/beluga_ranges__type_support.cpp\n'}
[9.452244] (beluga_messages) StdoutLine: {'line': b'-- Installing: /home/admi3ev/Beluga-Firmware-Mod/install/beluga_messages/include/beluga_messages/beluga_messages/msg/detail/beluga_exchange__rosidl_typesupport_introspection_cpp.hpp\n'}
[9.452328] (beluga_messages) StdoutLine: {'line': b'-- Installing: /home/admi3ev/Beluga-Firmware-Mod/install/beluga_messages/include/beluga_messages/beluga_messages/msg/detail/beluga_exchange__type_support.cpp\n'}
[9.452407] (beluga_messages) StdoutLine: {'line': b'-- Installing: /home/admi3ev/Beluga-Firmware-Mod/install/beluga_messages/include/beluga_messages/beluga_messages/msg/detail/beluga_neighbors__type_support.cpp\n'}
[9.452521] (beluga_messages) StdoutLine: {'line': b'-- Installing: /home/admi3ev/Beluga-Firmware-Mod/install/beluga_messages/include/beluga_messages/beluga_messages/msg/detail/beluga_neighbors__rosidl_typesupport_introspection_cpp.hpp\n'}
[9.452613] (beluga_messages) StdoutLine: {'line': b'-- Up-to-date: /home/admi3ev/Beluga-Firmware-Mod/install/beluga_messages/include/beluga_messages/beluga_messages/srv\n'}
[9.452699] (beluga_messages) StdoutLine: {'line': b'-- Up-to-date: /home/admi3ev/Beluga-Firmware-Mod/install/beluga_messages/include/beluga_messages/beluga_messages/srv/detail\n'}
[9.452786] (beluga_messages) StdoutLine: {'line': b'-- Installing: /home/admi3ev/Beluga-Firmware-Mod/install/beluga_messages/include/beluga_messages/beluga_messages/srv/detail/beluga_at_command__rosidl_typesupport_introspection_cpp.hpp\n'}
[9.452873] (beluga_messages) StdoutLine: {'line': b'-- Installing: /home/admi3ev/Beluga-Firmware-Mod/install/beluga_messages/include/beluga_messages/beluga_messages/srv/detail/beluga_at_command__type_support.cpp\n'}
[9.452956] (beluga_messages) StdoutLine: {'line': b'-- Installing: /home/admi3ev/Beluga-Firmware-Mod/install/beluga_messages/lib/libbeluga_messages__rosidl_typesupport_introspection_cpp.so\n'}
[9.453428] (beluga_messages) StdoutLine: {'line': b'-- Set runtime path of "/home/admi3ev/Beluga-Firmware-Mod/install/beluga_messages/lib/libbeluga_messages__rosidl_typesupport_introspection_cpp.so" to ""\n'}
[9.453531] (beluga_messages) StdoutLine: {'line': b'-- Installing: /home/admi3ev/Beluga-Firmware-Mod/install/beluga_messages/lib/libbeluga_messages__rosidl_typesupport_cpp.so\n'}
[9.453847] (beluga_messages) StdoutLine: {'line': b'-- Set runtime path of "/home/admi3ev/Beluga-Firmware-Mod/install/beluga_messages/lib/libbeluga_messages__rosidl_typesupport_cpp.so" to ""\n'}
[9.453945] (beluga_messages) StdoutLine: {'line': b'-- Installing: /home/admi3ev/Beluga-Firmware-Mod/install/beluga_messages/share/beluga_messages/environment/pythonpath.sh\n'}
[9.454032] (beluga_messages) StdoutLine: {'line': b'-- Installing: /home/admi3ev/Beluga-Firmware-Mod/install/beluga_messages/share/beluga_messages/environment/pythonpath.dsv\n'}
[9.454169] (beluga_messages) StdoutLine: {'line': b'-- Installing: /home/admi3ev/Beluga-Firmware-Mod/install/beluga_messages/local/lib/python3.10/dist-packages/beluga_messages-0.0.0-py3.10.egg-info\n'}
[9.454302] (beluga_messages) StdoutLine: {'line': b'-- Installing: /home/admi3ev/Beluga-Firmware-Mod/install/beluga_messages/local/lib/python3.10/dist-packages/beluga_messages-0.0.0-py3.10.egg-info/SOURCES.txt\n'}
[9.454399] (beluga_messages) StdoutLine: {'line': b'-- Installing: /home/admi3ev/Beluga-Firmware-Mod/install/beluga_messages/local/lib/python3.10/dist-packages/beluga_messages-0.0.0-py3.10.egg-info/PKG-INFO\n'}
[9.454494] (beluga_messages) StdoutLine: {'line': b'-- Installing: /home/admi3ev/Beluga-Firmware-Mod/install/beluga_messages/local/lib/python3.10/dist-packages/beluga_messages-0.0.0-py3.10.egg-info/dependency_links.txt\n'}
[9.454589] (beluga_messages) StdoutLine: {'line': b'-- Installing: /home/admi3ev/Beluga-Firmware-Mod/install/beluga_messages/local/lib/python3.10/dist-packages/beluga_messages-0.0.0-py3.10.egg-info/top_level.txt\n'}
[9.454716] (beluga_messages) StdoutLine: {'line': b'-- Installing: /home/admi3ev/Beluga-Firmware-Mod/install/beluga_messages/local/lib/python3.10/dist-packages/beluga_messages\n'}
[9.454803] (beluga_messages) StdoutLine: {'line': b'-- Installing: /home/admi3ev/Beluga-Firmware-Mod/install/beluga_messages/local/lib/python3.10/dist-packages/beluga_messages/_beluga_messages_s.ep.rosidl_typesupport_fastrtps_c.c\n'}
[9.454915] (beluga_messages) StdoutLine: {'line': b'-- Installing: /home/admi3ev/Beluga-Firmware-Mod/install/beluga_messages/local/lib/python3.10/dist-packages/beluga_messages/msg\n'}
[9.454998] (beluga_messages) StdoutLine: {'line': b'-- Installing: /home/admi3ev/Beluga-Firmware-Mod/install/beluga_messages/local/lib/python3.10/dist-packages/beluga_messages/msg/_beluga_exchange_s.c\n'}
[9.455092] (beluga_messages) StdoutLine: {'line': b'-- Installing: /home/admi3ev/Beluga-Firmware-Mod/install/beluga_messages/local/lib/python3.10/dist-packages/beluga_messages/msg/_beluga_ranges_s.c\n'}
[9.455187] (beluga_messages) StdoutLine: {'line': b'-- Installing: /home/admi3ev/Beluga-Firmware-Mod/install/beluga_messages/local/lib/python3.10/dist-packages/beluga_messages/msg/_beluga_ranges.py\n'}
[9.455289] (beluga_messages) StdoutLine: {'line': b'-- Installing: /home/admi3ev/Beluga-Firmware-Mod/install/beluga_messages/local/lib/python3.10/dist-packages/beluga_messages/msg/__init__.py\n'}
[9.455379] (beluga_messages) StdoutLine: {'line': b'-- Installing: /home/admi3ev/Beluga-Firmware-Mod/install/beluga_messages/local/lib/python3.10/dist-packages/beluga_messages/msg/_beluga_neighbor_s.c\n'}
[9.455480] (beluga_messages) StdoutLine: {'line': b'-- Installing: /home/admi3ev/Beluga-Firmware-Mod/install/beluga_messages/local/lib/python3.10/dist-packages/beluga_messages/msg/_beluga_neighbors_s.c\n'}
[9.455572] (beluga_messages) StdoutLine: {'line': b'-- Installing: /home/admi3ev/Beluga-Firmware-Mod/install/beluga_messages/local/lib/python3.10/dist-packages/beluga_messages/msg/_beluga_range.py\n'}
[9.455674] (beluga_messages) StdoutLine: {'line': b'-- Installing: /home/admi3ev/Beluga-Firmware-Mod/install/beluga_messages/local/lib/python3.10/dist-packages/beluga_messages/msg/_beluga_neighbors.py\n'}
[9.455779] (beluga_messages) StdoutLine: {'line': b'-- Installing: /home/admi3ev/Beluga-Firmware-Mod/install/beluga_messages/local/lib/python3.10/dist-packages/beluga_messages/msg/_beluga_neighbor.py\n'}
[9.455874] (beluga_messages) StdoutLine: {'line': b'-- Installing: /home/admi3ev/Beluga-Firmware-Mod/install/beluga_messages/local/lib/python3.10/dist-packages/beluga_messages/msg/_beluga_exchange.py\n'}
[9.455989] (beluga_messages) StdoutLine: {'line': b'-- Installing: /home/admi3ev/Beluga-Firmware-Mod/install/beluga_messages/local/lib/python3.10/dist-packages/beluga_messages/msg/_beluga_range_s.c\n'}
[9.456093] (beluga_messages) StdoutLine: {'line': b'-- Installing: /home/admi3ev/Beluga-Firmware-Mod/install/beluga_messages/local/lib/python3.10/dist-packages/beluga_messages/_beluga_messages_s.ep.rosidl_typesupport_c.c\n'}
[9.456224] (beluga_messages) StdoutLine: {'line': b'-- Installing: /home/admi3ev/Beluga-Firmware-Mod/install/beluga_messages/local/lib/python3.10/dist-packages/beluga_messages/libbeluga_messages__rosidl_generator_py.so\n'}
[9.456363] (beluga_messages) StdoutLine: {'line': b'-- Installing: /home/admi3ev/Beluga-Firmware-Mod/install/beluga_messages/local/lib/python3.10/dist-packages/beluga_messages/__init__.py\n'}
[9.456447] (beluga_messages) StdoutLine: {'line': b'-- Installing: /home/admi3ev/Beluga-Firmware-Mod/install/beluga_messages/local/lib/python3.10/dist-packages/beluga_messages/srv\n'}
[9.456529] (beluga_messages) StdoutLine: {'line': b'-- Installing: /home/admi3ev/Beluga-Firmware-Mod/install/beluga_messages/local/lib/python3.10/dist-packages/beluga_messages/srv/_beluga_at_command.py\n'}
[9.456619] (beluga_messages) StdoutLine: {'line': b'-- Installing: /home/admi3ev/Beluga-Firmware-Mod/install/beluga_messages/local/lib/python3.10/dist-packages/beluga_messages/srv/__init__.py\n'}
[9.456716] (beluga_messages) StdoutLine: {'line': b'-- Installing: /home/admi3ev/Beluga-Firmware-Mod/install/beluga_messages/local/lib/python3.10/dist-packages/beluga_messages/srv/_beluga_at_command_s.c\n'}
[9.456811] (beluga_messages) StdoutLine: {'line': b'-- Installing: /home/admi3ev/Beluga-Firmware-Mod/install/beluga_messages/local/lib/python3.10/dist-packages/beluga_messages/beluga_messages_s__rosidl_typesupport_c.cpython-310-x86_64-linux-gnu.so\n'}
[9.456931] (beluga_messages) StdoutLine: {'line': b'-- Installing: /home/admi3ev/Beluga-Firmware-Mod/install/beluga_messages/local/lib/python3.10/dist-packages/beluga_messages/beluga_messages_s__rosidl_typesupport_fastrtps_c.cpython-310-x86_64-linux-gnu.so\n'}
[9.457066] (beluga_messages) StdoutLine: {'line': b'-- Installing: /home/admi3ev/Beluga-Firmware-Mod/install/beluga_messages/local/lib/python3.10/dist-packages/beluga_messages/_beluga_messages_s.ep.rosidl_typesupport_introspection_c.c\n'}
[9.457204] (beluga_messages) StdoutLine: {'line': b'-- Installing: /home/admi3ev/Beluga-Firmware-Mod/install/beluga_messages/local/lib/python3.10/dist-packages/beluga_messages/beluga_messages_s__rosidl_typesupport_introspection_c.cpython-310-x86_64-linux-gnu.so\n'}
[9.499377] (beluga_messages) StdoutLine: {'line': b"Listing '/home/admi3ev/Beluga-Firmware-Mod/install/beluga_messages/local/lib/python3.10/dist-packages/beluga_messages'...\n"}
[9.499552] (beluga_messages) StdoutLine: {'line': b"Compiling '/home/admi3ev/Beluga-Firmware-Mod/install/beluga_messages/local/lib/python3.10/dist-packages/beluga_messages/__init__.py'...\n"}
[9.499630] (beluga_messages) StdoutLine: {'line': b"Listing '/home/admi3ev/Beluga-Firmware-Mod/install/beluga_messages/local/lib/python3.10/dist-packages/beluga_messages/msg'...\n"}
[9.499696] (beluga_messages) StdoutLine: {'line': b"Compiling '/home/admi3ev/Beluga-Firmware-Mod/install/beluga_messages/local/lib/python3.10/dist-packages/beluga_messages/msg/__init__.py'...\n"}
[9.499759] (beluga_messages) StdoutLine: {'line': b"Compiling '/home/admi3ev/Beluga-Firmware-Mod/install/beluga_messages/local/lib/python3.10/dist-packages/beluga_messages/msg/_beluga_exchange.py'...\n"}
[9.499822] (beluga_messages) StdoutLine: {'line': b"Compiling '/home/admi3ev/Beluga-Firmware-Mod/install/beluga_messages/local/lib/python3.10/dist-packages/beluga_messages/msg/_beluga_neighbor.py'...\n"}
[9.499884] (beluga_messages) StdoutLine: {'line': b"Compiling '/home/admi3ev/Beluga-Firmware-Mod/install/beluga_messages/local/lib/python3.10/dist-packages/beluga_messages/msg/_beluga_neighbors.py'...\n"}
[9.499945] (beluga_messages) StdoutLine: {'line': b"Compiling '/home/admi3ev/Beluga-Firmware-Mod/install/beluga_messages/local/lib/python3.10/dist-packages/beluga_messages/msg/_beluga_range.py'...\n"}
[9.500006] (beluga_messages) StdoutLine: {'line': b"Compiling '/home/admi3ev/Beluga-Firmware-Mod/install/beluga_messages/local/lib/python3.10/dist-packages/beluga_messages/msg/_beluga_ranges.py'...\n"}
[9.500066] (beluga_messages) StdoutLine: {'line': b"Listing '/home/admi3ev/Beluga-Firmware-Mod/install/beluga_messages/local/lib/python3.10/dist-packages/beluga_messages/srv'...\n"}
[9.500147] (beluga_messages) StdoutLine: {'line': b"Compiling '/home/admi3ev/Beluga-Firmware-Mod/install/beluga_messages/local/lib/python3.10/dist-packages/beluga_messages/srv/__init__.py'...\n"}
[9.500209] (beluga_messages) StdoutLine: {'line': b"Compiling '/home/admi3ev/Beluga-Firmware-Mod/install/beluga_messages/local/lib/python3.10/dist-packages/beluga_messages/srv/_beluga_at_command.py'...\n"}
[9.504626] (beluga_messages) StdoutLine: {'line': b'-- Installing: /home/admi3ev/Beluga-Firmware-Mod/install/beluga_messages/local/lib/python3.10/dist-packages/beluga_messages/beluga_messages_s__rosidl_typesupport_fastrtps_c.cpython-310-x86_64-linux-gnu.so\n'}
[9.504918] (beluga_messages) StdoutLine: {'line': b'-- Set runtime path of "/home/admi3ev/Beluga-Firmware-Mod/install/beluga_messages/local/lib/python3.10/dist-packages/beluga_messages/beluga_messages_s__rosidl_typesupport_fastrtps_c.cpython-310-x86_64-linux-gnu.so" to ""\n'}
[9.505188] (beluga_messages) StdoutLine: {'line': b'-- Installing: /home/admi3ev/Beluga-Firmware-Mod/install/beluga_messages/local/lib/python3.10/dist-packages/beluga_messages/beluga_messages_s__rosidl_typesupport_introspection_c.cpython-310-x86_64-linux-gnu.so\n'}
[9.505506] (beluga_messages) StdoutLine: {'line': b'-- Set runtime path of "/home/admi3ev/Beluga-Firmware-Mod/install/beluga_messages/local/lib/python3.10/dist-packages/beluga_messages/beluga_messages_s__rosidl_typesupport_introspection_c.cpython-310-x86_64-linux-gnu.so" to ""\n'}
[9.505659] (beluga_messages) StdoutLine: {'line': b'-- Installing: /home/admi3ev/Beluga-Firmware-Mod/install/beluga_messages/local/lib/python3.10/dist-packages/beluga_messages/beluga_messages_s__rosidl_typesupport_c.cpython-310-x86_64-linux-gnu.so\n'}
[9.506768] (beluga_messages) StdoutLine: {'line': b'-- Set runtime path of "/home/admi3ev/Beluga-Firmware-Mod/install/beluga_messages/local/lib/python3.10/dist-packages/beluga_messages/beluga_messages_s__rosidl_typesupport_c.cpython-310-x86_64-linux-gnu.so" to ""\n'}
[9.506912] (beluga_messages) StdoutLine: {'line': b'-- Installing: /home/admi3ev/Beluga-Firmware-Mod/install/beluga_messages/lib/libbeluga_messages__rosidl_generator_py.so\n'}
[9.507031] (beluga_messages) StdoutLine: {'line': b'-- Set runtime path of "/home/admi3ev/Beluga-Firmware-Mod/install/beluga_messages/lib/libbeluga_messages__rosidl_generator_py.so" to ""\n'}
[9.507146] (beluga_messages) StdoutLine: {'line': b'-- Installing: /home/admi3ev/Beluga-Firmware-Mod/install/beluga_messages/share/beluga_messages/msg/BelugaNeighbor.idl\n'}
[9.507250] (beluga_messages) StdoutLine: {'line': b'-- Installing: /home/admi3ev/Beluga-Firmware-Mod/install/beluga_messages/share/beluga_messages/msg/BelugaNeighbors.idl\n'}
[9.507320] (beluga_messages) StdoutLine: {'line': b'-- Installing: /home/admi3ev/Beluga-Firmware-Mod/install/beluga_messages/share/beluga_messages/srv/BelugaATCommand.idl\n'}
[9.507392] (beluga_messages) StdoutLine: {'line': b'-- Installing: /home/admi3ev/Beluga-Firmware-Mod/install/beluga_messages/share/beluga_messages/msg/BelugaRange.idl\n'}
[9.507467] (beluga_messages) StdoutLine: {'line': b'-- Installing: /home/admi3ev/Beluga-Firmware-Mod/install/beluga_messages/share/beluga_messages/msg/BelugaRanges.idl\n'}
[9.507578] (beluga_messages) StdoutLine: {'line': b'-- Installing: /home/admi3ev/Beluga-Firmware-Mod/install/beluga_messages/share/beluga_messages/msg/BelugaExchange.idl\n'}
[9.507653] (beluga_messages) StdoutLine: {'line': b'-- Installing: /home/admi3ev/Beluga-Firmware-Mod/install/beluga_messages/share/beluga_messages/msg/BelugaNeighbor.msg\n'}
[9.507749] (beluga_messages) StdoutLine: {'line': b'-- Installing: /home/admi3ev/Beluga-Firmware-Mod/install/beluga_messages/share/beluga_messages/msg/BelugaNeighbors.msg\n'}
[9.507844] (beluga_messages) StdoutLine: {'line': b'-- Installing: /home/admi3ev/Beluga-Firmware-Mod/install/beluga_messages/share/beluga_messages/srv/BelugaATCommand.srv\n'}
[9.507941] (beluga_messages) StdoutLine: {'line': b'-- Installing: /home/admi3ev/Beluga-Firmware-Mod/install/beluga_messages/share/beluga_messages/srv/BelugaATCommand_Request.msg\n'}
[9.508039] (beluga_messages) StdoutLine: {'line': b'-- Installing: /home/admi3ev/Beluga-Firmware-Mod/install/beluga_messages/share/beluga_messages/srv/BelugaATCommand_Response.msg\n'}
[9.508151] (beluga_messages) StdoutLine: {'line': b'-- Installing: /home/admi3ev/Beluga-Firmware-Mod/install/beluga_messages/share/beluga_messages/msg/BelugaRange.msg\n'}
[9.508297] (beluga_messages) StdoutLine: {'line': b'-- Installing: /home/admi3ev/Beluga-Firmware-Mod/install/beluga_messages/share/beluga_messages/msg/BelugaRanges.msg\n'}
[9.508445] (beluga_messages) StdoutLine: {'line': b'-- Installing: /home/admi3ev/Beluga-Firmware-Mod/install/beluga_messages/share/beluga_messages/msg/BelugaExchange.msg\n'}
[9.508602] (beluga_messages) StdoutLine: {'line': b'-- Installing: /home/admi3ev/Beluga-Firmware-Mod/install/beluga_messages/share/ament_index/resource_index/package_run_dependencies/beluga_messages\n'}
[9.508762] (beluga_messages) StdoutLine: {'line': b'-- Installing: /home/admi3ev/Beluga-Firmware-Mod/install/beluga_messages/share/ament_index/resource_index/parent_prefix_path/beluga_messages\n'}
[9.508900] (beluga_messages) StdoutLine: {'line': b'-- Installing: /home/admi3ev/Beluga-Firmware-Mod/install/beluga_messages/share/beluga_messages/environment/ament_prefix_path.sh\n'}
[9.509027] (beluga_messages) StdoutLine: {'line': b'-- Installing: /home/admi3ev/Beluga-Firmware-Mod/install/beluga_messages/share/beluga_messages/environment/ament_prefix_path.dsv\n'}
[9.509180] (beluga_messages) StdoutLine: {'line': b'-- Installing: /home/admi3ev/Beluga-Firmware-Mod/install/beluga_messages/share/beluga_messages/environment/path.sh\n'}
[9.509310] (beluga_messages) StdoutLine: {'line': b'-- Installing: /home/admi3ev/Beluga-Firmware-Mod/install/beluga_messages/share/beluga_messages/environment/path.dsv\n'}
[9.509431] (beluga_messages) StdoutLine: {'line': b'-- Installing: /home/admi3ev/Beluga-Firmware-Mod/install/beluga_messages/share/beluga_messages/local_setup.bash\n'}
[9.509558] (beluga_messages) StdoutLine: {'line': b'-- Installing: /home/admi3ev/Beluga-Firmware-Mod/install/beluga_messages/share/beluga_messages/local_setup.sh\n'}
[9.509694] (beluga_messages) StdoutLine: {'line': b'-- Installing: /home/admi3ev/Beluga-Firmware-Mod/install/beluga_messages/share/beluga_messages/local_setup.zsh\n'}
[9.509821] (beluga_messages) StdoutLine: {'line': b'-- Installing: /home/admi3ev/Beluga-Firmware-Mod/install/beluga_messages/share/beluga_messages/local_setup.dsv\n'}
[9.509943] (beluga_messages) StdoutLine: {'line': b'-- Installing: /home/admi3ev/Beluga-Firmware-Mod/install/beluga_messages/share/beluga_messages/package.dsv\n'}
[9.510122] (beluga_messages) StdoutLine: {'line': b'-- Installing: /home/admi3ev/Beluga-Firmware-Mod/install/beluga_messages/share/ament_index/resource_index/packages/beluga_messages\n'}
[9.510298] (beluga_messages) StdoutLine: {'line': b'-- Installing: /home/admi3ev/Beluga-Firmware-Mod/install/beluga_messages/share/beluga_messages/cmake/export_beluga_messages__rosidl_generator_cExport.cmake\n'}
[9.510440] (beluga_messages) StdoutLine: {'line': b'-- Installing: /home/admi3ev/Beluga-Firmware-Mod/install/beluga_messages/share/beluga_messages/cmake/export_beluga_messages__rosidl_generator_cExport-noconfig.cmake\n'}
[9.510589] (beluga_messages) StdoutLine: {'line': b'-- Installing: /home/admi3ev/Beluga-Firmware-Mod/install/beluga_messages/share/beluga_messages/cmake/export_beluga_messages__rosidl_typesupport_fastrtps_cExport.cmake\n'}
[9.510723] (beluga_messages) StdoutLine: {'line': b'-- Installing: /home/admi3ev/Beluga-Firmware-Mod/install/beluga_messages/share/beluga_messages/cmake/export_beluga_messages__rosidl_typesupport_fastrtps_cExport-noconfig.cmake\n'}
[9.510865] (beluga_messages) StdoutLine: {'line': b'-- Installing: /home/admi3ev/Beluga-Firmware-Mod/install/beluga_messages/share/beluga_messages/cmake/beluga_messages__rosidl_typesupport_introspection_cExport.cmake\n'}
[9.511033] (beluga_messages) StdoutLine: {'line': b'-- Installing: /home/admi3ev/Beluga-Firmware-Mod/install/beluga_messages/share/beluga_messages/cmake/beluga_messages__rosidl_typesupport_introspection_cExport-noconfig.cmake\n'}
[9.511191] (beluga_messages) StdoutLine: {'line': b'-- Installing: /home/admi3ev/Beluga-Firmware-Mod/install/beluga_messages/share/beluga_messages/cmake/beluga_messages__rosidl_typesupport_cExport.cmake\n'}
[9.511329] (beluga_messages) StdoutLine: {'line': b'-- Installing: /home/admi3ev/Beluga-Firmware-Mod/install/beluga_messages/share/beluga_messages/cmake/beluga_messages__rosidl_typesupport_cExport-noconfig.cmake\n'}
[9.511472] (beluga_messages) StdoutLine: {'line': b'-- Installing: /home/admi3ev/Beluga-Firmware-Mod/install/beluga_messages/share/beluga_messages/cmake/export_beluga_messages__rosidl_generator_cppExport.cmake\n'}
[9.511617] (beluga_messages) StdoutLine: {'line': b'-- Installing: /home/admi3ev/Beluga-Firmware-Mod/install/beluga_messages/share/beluga_messages/cmake/export_beluga_messages__rosidl_typesupport_fastrtps_cppExport.cmake\n'}
[9.511755] (beluga_messages) StdoutLine: {'line': b'-- Installing: /home/admi3ev/Beluga-Firmware-Mod/install/beluga_messages/share/beluga_messages/cmake/export_beluga_messages__rosidl_typesupport_fastrtps_cppExport-noconfig.cmake\n'}
[9.511897] (beluga_messages) StdoutLine: {'line': b'-- Installing: /home/admi3ev/Beluga-Firmware-Mod/install/beluga_messages/share/beluga_messages/cmake/beluga_messages__rosidl_typesupport_introspection_cppExport.cmake\n'}
[9.512050] (beluga_messages) StdoutLine: {'line': b'-- Installing: /home/admi3ev/Beluga-Firmware-Mod/install/beluga_messages/share/beluga_messages/cmake/beluga_messages__rosidl_typesupport_introspection_cppExport-noconfig.cmake\n'}
[9.512224] (beluga_messages) StdoutLine: {'line': b'-- Installing: /home/admi3ev/Beluga-Firmware-Mod/install/beluga_messages/share/beluga_messages/cmake/beluga_messages__rosidl_typesupport_cppExport.cmake\n'}
[9.512372] (beluga_messages) StdoutLine: {'line': b'-- Installing: /home/admi3ev/Beluga-Firmware-Mod/install/beluga_messages/share/beluga_messages/cmake/beluga_messages__rosidl_typesupport_cppExport-noconfig.cmake\n'}
[9.512516] (beluga_messages) StdoutLine: {'line': b'-- Installing: /home/admi3ev/Beluga-Firmware-Mod/install/beluga_messages/share/beluga_messages/cmake/export_beluga_messages__rosidl_generator_pyExport.cmake\n'}
[9.512655] (beluga_messages) StdoutLine: {'line': b'-- Installing: /home/admi3ev/Beluga-Firmware-Mod/install/beluga_messages/share/beluga_messages/cmake/export_beluga_messages__rosidl_generator_pyExport-noconfig.cmake\n'}
[9.512783] (beluga_messages) StdoutLine: {'line': b'-- Installing: /home/admi3ev/Beluga-Firmware-Mod/install/beluga_messages/share/beluga_messages/cmake/rosidl_cmake-extras.cmake\n'}
[9.512914] (beluga_messages) StdoutLine: {'line': b'-- Installing: /home/admi3ev/Beluga-Firmware-Mod/install/beluga_messages/share/beluga_messages/cmake/ament_cmake_export_dependencies-extras.cmake\n'}
[9.513046] (beluga_messages) StdoutLine: {'line': b'-- Installing: /home/admi3ev/Beluga-Firmware-Mod/install/beluga_messages/share/beluga_messages/cmake/ament_cmake_export_include_directories-extras.cmake\n'}
[9.513208] (beluga_messages) StdoutLine: {'line': b'-- Installing: /home/admi3ev/Beluga-Firmware-Mod/install/beluga_messages/share/beluga_messages/cmake/ament_cmake_export_libraries-extras.cmake\n'}
[9.513348] (beluga_messages) StdoutLine: {'line': b'-- Installing: /home/admi3ev/Beluga-Firmware-Mod/install/beluga_messages/share/beluga_messages/cmake/ament_cmake_export_targets-extras.cmake\n'}
[9.513477] (beluga_messages) StdoutLine: {'line': b'-- Installing: /home/admi3ev/Beluga-Firmware-Mod/install/beluga_messages/share/beluga_messages/cmake/rosidl_cmake_export_typesupport_targets-extras.cmake\n'}
[9.513607] (beluga_messages) StdoutLine: {'line': b'-- Installing: /home/admi3ev/Beluga-Firmware-Mod/install/beluga_messages/share/beluga_messages/cmake/rosidl_cmake_export_typesupport_libraries-extras.cmake\n'}
[9.513743] (beluga_messages) StdoutLine: {'line': b'-- Installing: /home/admi3ev/Beluga-Firmware-Mod/install/beluga_messages/share/beluga_messages/cmake/beluga_messagesConfig.cmake\n'}
[9.513845] (beluga_messages) StdoutLine: {'line': b'-- Installing: /home/admi3ev/Beluga-Firmware-Mod/install/beluga_messages/share/beluga_messages/cmake/beluga_messagesConfig-version.cmake\n'}
[9.513973] (beluga_messages) StdoutLine: {'line': b'-- Installing: /home/admi3ev/Beluga-Firmware-Mod/install/beluga_messages/share/beluga_messages/package.xml\n'}
[9.516418] (beluga_messages) CommandEnded: {'returncode': 0}
[9.543563] (beluga_messages) JobEnded: {'identifier': 'beluga_messages', 'rc': 0}
[9.544623] (beluga) JobStarted: {'identifier': 'beluga'}
[9.547700] (example_beluga_client) JobStarted: {'identifier': 'example_beluga_client'}
[9.551350] (-) TimerEvent: {}
[9.552793] (beluga) JobProgress: {'identifier': 'beluga', 'progress': 'cmake'}
[9.553389] (beluga) Command: {'cmd': ['/usr/bin/cmake', '/home/admi3ev/Beluga-Firmware-Mod/ROS/src/beluga', '-DCMAKE_INSTALL_PREFIX=/home/admi3ev/Beluga-Firmware-Mod/install/beluga'], 'cwd': '/home/admi3ev/Beluga-Firmware-Mod/build/beluga', 'env': OrderedDict([('LESSOPEN', '| /usr/bin/lesspipe %s'), ('USER', 'admi3ev'), ('USER_ID', '2'), ('XDG_SESSION_TYPE', 'wayland'), ('SHLVL', '1'), ('LD_LIBRARY_PATH', '/home/admi3ev/Beluga-Firmware-Mod/install/beluga_messages/lib:/home/admi3ev/Beluga-Firmware-Mod/ROS/install/beluga_messages/lib:/home/admi3ev/Beluga-2.0/ROS/install/beluga_messages/lib:/opt/ros/humble/opt/rviz_ogre_vendor/lib:/opt/ros/humble/lib/x86_64-linux-gnu:/opt/ros/humble/lib'), ('HOME', '/home/admi3ev'), ('OLDPWD', '/home/admi3ev'), ('DESKTOP_SESSION', 'ubuntu'), ('ROS_PYTHON_VERSION', '3'), ('GNOME_SHELL_SESSION_MODE', 'ubuntu'), ('GTK_MODULES', 'gail:atk-bridge'), ('SYSTEMD_EXEC_PID', '4360'), ('DBUS_SESSION_BUS_ADDRESS', 'unix:path=/run/user/1000/bus'), ('COLORTERM', 'truecolor'), ('IM_CONFIG_PHASE', '1'), ('WAYLAND_DISPLAY', 'wayland-0'), ('COLCON_PREFIX_PATH', '/home/admi3ev/Beluga-Firmware-Mod/ROS/install:/home/admi3ev/Beluga-2.0/ROS/install'), ('ROS_DISTRO', 'humble'), ('LOGNAME', 'admi3ev'), ('_', '/usr/bin/colcon'), ('ROS_VERSION', '2'), ('XDG_SESSION_CLASS', 'user'), ('USERNAME', 'admi3ev'), ('TERM', 'xterm-256color'), ('GNOME_DESKTOP_SESSION_ID', 'this-is-deprecated'), ('ROS_LOCALHOST_ONLY', '0'), ('PATH', '/opt/ros/humble/bin:/home/admi3ev/.local/bin:/usr/local/sbin:/usr/local/bin:/usr/sbin:/usr/bin:/sbin:/bin:/usr/games:/usr/local/games:/snap/bin:/snap/bin'), ('SESSION_MANAGER', 'local/nuc2:@/tmp/.ICE-unix/1025,unix/nuc2:/tmp/.ICE-unix/1025'), ('XDG_MENU_PREFIX', 'gnome-'), ('GNOME_TERMINAL_SCREEN', '/org/gnome/Terminal/screen/7c1cc392_220a_4895_9b76_a0c293bdefe9'), ('GNOME_SETUP_DISPLAY', ':1'), ('XDG_RUNTIME_DIR', '/run/user/1000'), ('DISPLAY', ':0'), ('LANG', 'en_US.UTF-8'), ('XDG_CURRENT_DESKTOP', 'ubuntu:GNOME'), ('XMODIFIERS', '@im=ibus'), ('XDG_SESSION_DESKTOP', 'ubuntu'), ('XAUTHORITY', '/run/user/1000/.mutter-Xwaylandauth.KC7QL3'), ('LS_COLORS', 'rs=0:di=01;34:ln=01;36:mh=00:pi=40;33:so=01;35:do=01;35:bd=40;33;01:cd=40;33;01:or=40;31;01:mi=00:su=37;41:sg=30;43:ca=30;41:tw=30;42:ow=34;42:st=37;44:ex=01;32:*.tar=01;31:*.tgz=01;31:*.arc=01;31:*.arj=01;31:*.taz=01;31:*.lha=01;31:*.lz4=01;31:*.lzh=01;31:*.lzma=01;31:*.tlz=01;31:*.txz=01;31:*.tzo=01;31:*.t7z=01;31:*.zip=01;31:*.z=01;31:*.dz=01;31:*.gz=01;31:*.lrz=01;31:*.lz=01;31:*.lzo=01;31:*.xz=01;31:*.zst=01;31:*.tzst=01;31:*.bz2=01;31:*.bz=01;31:*.tbz=01;31:*.tbz2=01;31:*.tz=01;31:*.deb=01;31:*.rpm=01;31:*.jar=01;31:*.war=01;31:*.ear=01;31:*.sar=01;31:*.rar=01;31:*.alz=01;31:*.ace=01;31:*.zoo=01;31:*.cpio=01;31:*.7z=01;31:*.rz=01;31:*.cab=01;31:*.wim=01;31:*.swm=01;31:*.dwm=01;31:*.esd=01;31:*.jpg=01;35:*.jpeg=01;35:*.mjpg=01;35:*.mjpeg=01;35:*.gif=01;35:*.bmp=01;35:*.pbm=01;35:*.pgm=01;35:*.ppm=01;35:*.tga=01;35:*.xbm=01;35:*.xpm=01;35:*.tif=01;35:*.tiff=01;35:*.png=01;35:*.svg=01;35:*.svgz=01;35:*.mng=01;35:*.pcx=01;35:*.mov=01;35:*.mpg=01;35:*.mpeg=01;35:*.m2v=01;35:*.mkv=01;35:*.webm=01;35:*.webp=01;35:*.ogm=01;35:*.mp4=01;35:*.m4v=01;35:*.mp4v=01;35:*.vob=01;35:*.qt=01;35:*.nuv=01;35:*.wmv=01;35:*.asf=01;35:*.rm=01;35:*.rmvb=01;35:*.flc=01;35:*.avi=01;35:*.fli=01;35:*.flv=01;35:*.gl=01;35:*.dl=01;35:*.xcf=01;35:*.xwd=01;35:*.yuv=01;35:*.cgm=01;35:*.emf=01;35:*.ogv=01;35:*.ogx=01;35:*.aac=00;36:*.au=00;36:*.flac=00;36:*.m4a=00;36:*.mid=00;36:*.midi=00;36:*.mka=00;36:*.mp3=00;36:*.mpc=00;36:*.ogg=00;36:*.ra=00;36:*.wav=00;36:*.oga=00;36:*.opus=00;36:*.spx=00;36:*.xspf=00;36:'), ('GNOME_TERMINAL_SERVICE', ':1.104'), ('SSH_AGENT_LAUNCHER', 'gnome-keyring'), ('SSH_AUTH_SOCK', '/run/user/1000/keyring/ssh'), ('AMENT_PREFIX_PATH', '/home/admi3ev/Beluga-Firmware-Mod/install/beluga_messages:/home/admi3ev/Beluga-Firmware-Mod/ROS/install/example_beluga_client:/home/admi3ev/Beluga-Firmware-Mod/ROS/install/beluga:/home/admi3ev/Beluga-Firmware-Mod/ROS/install/beluga_messages:/home/admi3ev/Beluga-2.0/ROS/install/example_beluga_client:/home/admi3ev/Beluga-2.0/ROS/install/beluga:/home/admi3ev/Beluga-2.0/ROS/install/beluga_messages:/opt/ros/humble'), ('SHELL', '/bin/bash'), ('QT_ACCESSIBILITY', '1'), ('GDMSESSION', 'ubuntu'), ('LESSCLOSE', '/usr/bin/lesspipe %s %s'), ('QT_IM_MODULE', 'ibus'), ('PWD', '/home/admi3ev/Beluga-Firmware-Mod/build/beluga'), ('LC_ALL', 'en_US.UTF-8'), ('XDG_CONFIG_DIRS', '/etc/xdg/xdg-ubuntu:/etc/xdg'), ('XDG_DATA_DIRS', '/usr/share/ubuntu:/usr/local/share/:/usr/share/:/var/lib/snapd/desktop'), ('PYTHONPATH', '/home/admi3ev/Beluga-Firmware-Mod/install/beluga_messages/local/lib/python3.10/dist-packages:/home/admi3ev/Beluga-Firmware-Mod/ROS/install/beluga_messages/local/lib/python3.10/dist-packages:/home/admi3ev/Beluga-2.0/ROS/install/beluga_messages/local/lib/python3.10/dist-packages:/opt/ros/humble/lib/python3.10/site-packages:/opt/ros/humble/local/lib/python3.10/dist-packages'), ('COLCON', '1'), ('VTE_VERSION', '6800'), ('CMAKE_PREFIX_PATH', '/home/admi3ev/Beluga-Firmware-Mod/install/beluga_messages:/home/admi3ev/Beluga-Firmware-Mod/ROS/install/example_beluga_client:/home/admi3ev/Beluga-Firmware-Mod/ROS/install/beluga:/home/admi3ev/Beluga-Firmware-Mod/ROS/install/beluga_messages:/home/admi3ev/Beluga-2.0/ROS/install/example_beluga_client:/home/admi3ev/Beluga-2.0/ROS/install/beluga:/home/admi3ev/Beluga-2.0/ROS/install/beluga_messages:/opt/ros/humble')]), 'shell': False}
[9.557797] (example_beluga_client) JobProgress: {'identifier': 'example_beluga_client', 'progress': 'cmake'}
[9.558444] (example_beluga_client) Command: {'cmd': ['/usr/bin/cmake', '/home/admi3ev/Beluga-Firmware-Mod/ROS/src/example_beluga_client', '-DCMAKE_INSTALL_PREFIX=/home/admi3ev/Beluga-Firmware-Mod/install/example_beluga_client'], 'cwd': '/home/admi3ev/Beluga-Firmware-Mod/build/example_beluga_client', 'env': OrderedDict([('LESSOPEN', '| /usr/bin/lesspipe %s'), ('USER', 'admi3ev'), ('USER_ID', '2'), ('XDG_SESSION_TYPE', 'wayland'), ('SHLVL', '1'), ('LD_LIBRARY_PATH', '/home/admi3ev/Beluga-Firmware-Mod/install/beluga_messages/lib:/home/admi3ev/Beluga-Firmware-Mod/ROS/install/beluga_messages/lib:/home/admi3ev/Beluga-2.0/ROS/install/beluga_messages/lib:/opt/ros/humble/opt/rviz_ogre_vendor/lib:/opt/ros/humble/lib/x86_64-linux-gnu:/opt/ros/humble/lib'), ('HOME', '/home/admi3ev'), ('OLDPWD', '/home/admi3ev'), ('DESKTOP_SESSION', 'ubuntu'), ('ROS_PYTHON_VERSION', '3'), ('GNOME_SHELL_SESSION_MODE', 'ubuntu'), ('GTK_MODULES', 'gail:atk-bridge'), ('SYSTEMD_EXEC_PID', '4360'), ('DBUS_SESSION_BUS_ADDRESS', 'unix:path=/run/user/1000/bus'), ('COLORTERM', 'truecolor'), ('IM_CONFIG_PHASE', '1'), ('WAYLAND_DISPLAY', 'wayland-0'), ('COLCON_PREFIX_PATH', '/home/admi3ev/Beluga-Firmware-Mod/ROS/install:/home/admi3ev/Beluga-2.0/ROS/install'), ('ROS_DISTRO', 'humble'), ('LOGNAME', 'admi3ev'), ('_', '/usr/bin/colcon'), ('ROS_VERSION', '2'), ('XDG_SESSION_CLASS', 'user'), ('USERNAME', 'admi3ev'), ('TERM', 'xterm-256color'), ('GNOME_DESKTOP_SESSION_ID', 'this-is-deprecated'), ('ROS_LOCALHOST_ONLY', '0'), ('PATH', '/opt/ros/humble/bin:/home/admi3ev/.local/bin:/usr/local/sbin:/usr/local/bin:/usr/sbin:/usr/bin:/sbin:/bin:/usr/games:/usr/local/games:/snap/bin:/snap/bin'), ('SESSION_MANAGER', 'local/nuc2:@/tmp/.ICE-unix/1025,unix/nuc2:/tmp/.ICE-unix/1025'), ('XDG_MENU_PREFIX', 'gnome-'), ('GNOME_TERMINAL_SCREEN', '/org/gnome/Terminal/screen/7c1cc392_220a_4895_9b76_a0c293bdefe9'), ('GNOME_SETUP_DISPLAY', ':1'), ('XDG_RUNTIME_DIR', '/run/user/1000'), ('DISPLAY', ':0'), ('LANG', 'en_US.UTF-8'), ('XDG_CURRENT_DESKTOP', 'ubuntu:GNOME'), ('XMODIFIERS', '@im=ibus'), ('XDG_SESSION_DESKTOP', 'ubuntu'), ('XAUTHORITY', '/run/user/1000/.mutter-Xwaylandauth.KC7QL3'), ('LS_COLORS', 'rs=0:di=01;34:ln=01;36:mh=00:pi=40;33:so=01;35:do=01;35:bd=40;33;01:cd=40;33;01:or=40;31;01:mi=00:su=37;41:sg=30;43:ca=30;41:tw=30;42:ow=34;42:st=37;44:ex=01;32:*.tar=01;31:*.tgz=01;31:*.arc=01;31:*.arj=01;31:*.taz=01;31:*.lha=01;31:*.lz4=01;31:*.lzh=01;31:*.lzma=01;31:*.tlz=01;31:*.txz=01;31:*.tzo=01;31:*.t7z=01;31:*.zip=01;31:*.z=01;31:*.dz=01;31:*.gz=01;31:*.lrz=01;31:*.lz=01;31:*.lzo=01;31:*.xz=01;31:*.zst=01;31:*.tzst=01;31:*.bz2=01;31:*.bz=01;31:*.tbz=01;31:*.tbz2=01;31:*.tz=01;31:*.deb=01;31:*.rpm=01;31:*.jar=01;31:*.war=01;31:*.ear=01;31:*.sar=01;31:*.rar=01;31:*.alz=01;31:*.ace=01;31:*.zoo=01;31:*.cpio=01;31:*.7z=01;31:*.rz=01;31:*.cab=01;31:*.wim=01;31:*.swm=01;31:*.dwm=01;31:*.esd=01;31:*.jpg=01;35:*.jpeg=01;35:*.mjpg=01;35:*.mjpeg=01;35:*.gif=01;35:*.bmp=01;35:*.pbm=01;35:*.pgm=01;35:*.ppm=01;35:*.tga=01;35:*.xbm=01;35:*.xpm=01;35:*.tif=01;35:*.tiff=01;35:*.png=01;35:*.svg=01;35:*.svgz=01;35:*.mng=01;35:*.pcx=01;35:*.mov=01;35:*.mpg=01;35:*.mpeg=01;35:*.m2v=01;35:*.mkv=01;35:*.webm=01;35:*.webp=01;35:*.ogm=01;35:*.mp4=01;35:*.m4v=01;35:*.mp4v=01;35:*.vob=01;35:*.qt=01;35:*.nuv=01;35:*.wmv=01;35:*.asf=01;35:*.rm=01;35:*.rmvb=01;35:*.flc=01;35:*.avi=01;35:*.fli=01;35:*.flv=01;35:*.gl=01;35:*.dl=01;35:*.xcf=01;35:*.xwd=01;35:*.yuv=01;35:*.cgm=01;35:*.emf=01;35:*.ogv=01;35:*.ogx=01;35:*.aac=00;36:*.au=00;36:*.flac=00;36:*.m4a=00;36:*.mid=00;36:*.midi=00;36:*.mka=00;36:*.mp3=00;36:*.mpc=00;36:*.ogg=00;36:*.ra=00;36:*.wav=00;36:*.oga=00;36:*.opus=00;36:*.spx=00;36:*.xspf=00;36:'), ('GNOME_TERMINAL_SERVICE', ':1.104'), ('SSH_AGENT_LAUNCHER', 'gnome-keyring'), ('SSH_AUTH_SOCK', '/run/user/1000/keyring/ssh'), ('AMENT_PREFIX_PATH', '/home/admi3ev/Beluga-Firmware-Mod/install/beluga_messages:/home/admi3ev/Beluga-Firmware-Mod/ROS/install/example_beluga_client:/home/admi3ev/Beluga-Firmware-Mod/ROS/install/beluga:/home/admi3ev/Beluga-Firmware-Mod/ROS/install/beluga_messages:/home/admi3ev/Beluga-2.0/ROS/install/example_beluga_client:/home/admi3ev/Beluga-2.0/ROS/install/beluga:/home/admi3ev/Beluga-2.0/ROS/install/beluga_messages:/opt/ros/humble'), ('SHELL', '/bin/bash'), ('QT_ACCESSIBILITY', '1'), ('GDMSESSION', 'ubuntu'), ('LESSCLOSE', '/usr/bin/lesspipe %s %s'), ('QT_IM_MODULE', 'ibus'), ('PWD', '/home/admi3ev/Beluga-Firmware-Mod/build/example_beluga_client'), ('LC_ALL', 'en_US.UTF-8'), ('XDG_CONFIG_DIRS', '/etc/xdg/xdg-ubuntu:/etc/xdg'), ('XDG_DATA_DIRS', '/usr/share/ubuntu:/usr/local/share/:/usr/share/:/var/lib/snapd/desktop'), ('PYTHONPATH', '/home/admi3ev/Beluga-Firmware-Mod/install/beluga_messages/local/lib/python3.10/dist-packages:/home/admi3ev/Beluga-Firmware-Mod/ROS/install/beluga_messages/local/lib/python3.10/dist-packages:/home/admi3ev/Beluga-2.0/ROS/install/beluga_messages/local/lib/python3.10/dist-packages:/opt/ros/humble/lib/python3.10/site-packages:/opt/ros/humble/local/lib/python3.10/dist-packages'), ('COLCON', '1'), ('VTE_VERSION', '6800'), ('CMAKE_PREFIX_PATH', '/home/admi3ev/Beluga-Firmware-Mod/install/beluga_messages:/home/admi3ev/Beluga-Firmware-Mod/ROS/install/example_beluga_client:/home/admi3ev/Beluga-Firmware-Mod/ROS/install/beluga:/home/admi3ev/Beluga-Firmware-Mod/ROS/install/beluga_messages:/home/admi3ev/Beluga-2.0/ROS/install/example_beluga_client:/home/admi3ev/Beluga-2.0/ROS/install/beluga:/home/admi3ev/Beluga-2.0/ROS/install/beluga_messages:/opt/ros/humble')]), 'shell': False}
[9.625276] (beluga) StdoutLine: {'line': b'-- The C compiler identification is GNU 11.4.0\n'}
[9.629622] (example_beluga_client) StdoutLine: {'line': b'-- The C compiler identification is GNU 11.4.0\n'}
[9.652054] (-) TimerEvent: {}
[9.687468] (beluga) StdoutLine: {'line': b'-- The CXX compiler identification is GNU 11.4.0\n'}
[9.692889] (example_beluga_client) StdoutLine: {'line': b'-- The CXX compiler identification is GNU 11.4.0\n'}
[9.695176] (beluga) StdoutLine: {'line': b'-- Detecting C compiler ABI info\n'}
[9.701187] (example_beluga_client) StdoutLine: {'line': b'-- Detecting C compiler ABI info\n'}
[9.754157] (-) TimerEvent: {}
[9.770083] (beluga) StdoutLine: {'line': b'-- Detecting C compiler ABI info - done\n'}
[9.774225] (example_beluga_client) StdoutLine: {'line': b'-- Detecting C compiler ABI info - done\n'}
[9.778300] (beluga) StdoutLine: {'line': b'-- Check for working C compiler: /usr/bin/cc - skipped\n'}
[9.778637] (beluga) StdoutLine: {'line': b'-- Detecting C compile features\n'}
[9.779107] (beluga) StdoutLine: {'line': b'-- Detecting C compile features - done\n'}
[9.785235] (beluga) StdoutLine: {'line': b'-- Detecting CXX compiler ABI info\n'}
[9.785426] (example_beluga_client) StdoutLine: {'line': b'-- Check for working C compiler: /usr/bin/cc - skipped\n'}
[9.785515] (example_beluga_client) StdoutLine: {'line': b'-- Detecting C compile features\n'}
[9.785586] (example_beluga_client) StdoutLine: {'line': b'-- Detecting C compile features - done\n'}
[9.786454] (example_beluga_client) StdoutLine: {'line': b'-- Detecting CXX compiler ABI info\n'}
[9.854294] (-) TimerEvent: {}
[9.865464] (example_beluga_client) StdoutLine: {'line': b'-- Detecting CXX compiler ABI info - done\n'}
[9.867443] (beluga) StdoutLine: {'line': b'-- Detecting CXX compiler ABI info - done\n'}
[9.873995] (example_beluga_client) StdoutLine: {'line': b'-- Check for working CXX compiler: /usr/bin/c++ - skipped\n'}
[9.874300] (example_beluga_client) StdoutLine: {'line': b'-- Detecting CXX compile features\n'}
[9.874798] (example_beluga_client) StdoutLine: {'line': b'-- Detecting CXX compile features - done\n'}
[9.875827] (beluga) StdoutLine: {'line': b'-- Check for working CXX compiler: /usr/bin/c++ - skipped\n'}
[9.876125] (beluga) StdoutLine: {'line': b'-- Detecting CXX compile features\n'}
[9.876644] (beluga) StdoutLine: {'line': b'-- Detecting CXX compile features - done\n'}
[9.877250] (example_beluga_client) StdoutLine: {'line': b'-- Found ament_cmake: 1.3.13 (/opt/ros/humble/share/ament_cmake/cmake)\n'}
[9.879009] (beluga) StdoutLine: {'line': b'-- Found ament_cmake: 1.3.13 (/opt/ros/humble/share/ament_cmake/cmake)\n'}
[9.954385] (-) TimerEvent: {}
[10.026304] (example_beluga_client) StdoutLine: {'line': b'-- Found Python3: /usr/bin/python3 (found version "3.10.12") found components: Interpreter \n'}
[10.027760] (beluga) StdoutLine: {'line': b'-- Found Python3: /usr/bin/python3 (found version "3.10.12") found components: Interpreter \n'}
[10.054518] (-) TimerEvent: {}
[10.151145] (beluga) StdoutLine: {'line': b'-- Found rclcpp: 16.0.18 (/opt/ros/humble/share/rclcpp/cmake)\n'}
[10.154606] (-) TimerEvent: {}
[10.184715] (example_beluga_client) StdoutLine: {'line': b'-- Found rclcpp: 16.0.18 (/opt/ros/humble/share/rclcpp/cmake)\n'}
[10.197071] (beluga) StdoutLine: {'line': b'-- Found rosidl_generator_c: 3.1.8 (/opt/ros/humble/share/rosidl_generator_c/cmake)\n'}
[10.204353] (beluga) StdoutLine: {'line': b'-- Found rosidl_adapter: 3.1.8 (/opt/ros/humble/share/rosidl_adapter/cmake)\n'}
[10.214198] (beluga) StdoutLine: {'line': b'-- Found rosidl_generator_cpp: 3.1.8 (/opt/ros/humble/share/rosidl_generator_cpp/cmake)\n'}
[10.225236] (beluga) StdoutLine: {'line': b'-- Using all available rosidl_typesupport_c: rosidl_typesupport_fastrtps_c;rosidl_typesupport_introspection_c\n'}
[10.235544] (example_beluga_client) StdoutLine: {'line': b'-- Found rosidl_generator_c: 3.1.8 (/opt/ros/humble/share/rosidl_generator_c/cmake)\n'}
[10.240357] (example_beluga_client) StdoutLine: {'line': b'-- Found rosidl_adapter: 3.1.8 (/opt/ros/humble/share/rosidl_adapter/cmake)\n'}
[10.240599] (beluga) StdoutLine: {'line': b'-- Using all available rosidl_typesupport_cpp: rosidl_typesupport_fastrtps_cpp;rosidl_typesupport_introspection_cpp\n'}
[10.248341] (example_beluga_client) StdoutLine: {'line': b'-- Found rosidl_generator_cpp: 3.1.8 (/opt/ros/humble/share/rosidl_generator_cpp/cmake)\n'}
[10.254692] (-) TimerEvent: {}
[10.260332] (example_beluga_client) StdoutLine: {'line': b'-- Using all available rosidl_typesupport_c: rosidl_typesupport_fastrtps_c;rosidl_typesupport_introspection_c\n'}
[10.275647] (example_beluga_client) StdoutLine: {'line': b'-- Using all available rosidl_typesupport_cpp: rosidl_typesupport_fastrtps_cpp;rosidl_typesupport_introspection_cpp\n'}
[10.283747] (beluga) StdoutLine: {'line': b'-- Found rmw_implementation_cmake: 6.1.2 (/opt/ros/humble/share/rmw_implementation_cmake/cmake)\n'}
[10.285069] (beluga) StdoutLine: {'line': b'-- Found rmw_fastrtps_cpp: 6.2.10 (/opt/ros/humble/share/rmw_fastrtps_cpp/cmake)\n'}
[10.321616] (example_beluga_client) StdoutLine: {'line': b'-- Found rmw_implementation_cmake: 6.1.2 (/opt/ros/humble/share/rmw_implementation_cmake/cmake)\n'}
[10.324533] (example_beluga_client) StdoutLine: {'line': b'-- Found rmw_fastrtps_cpp: 6.2.10 (/opt/ros/humble/share/rmw_fastrtps_cpp/cmake)\n'}
[10.354797] (-) TimerEvent: {}
[10.365448] (beluga) StdoutLine: {'line': b'-- Found OpenSSL: /usr/lib/x86_64-linux-gnu/libcrypto.so (found version "3.0.2")  \n'}
[10.395220] (beluga) StdoutLine: {'line': b'-- Found FastRTPS: /opt/ros/humble/include  \n'}
[10.408523] (example_beluga_client) StdoutLine: {'line': b'-- Found OpenSSL: /usr/lib/x86_64-linux-gnu/libcrypto.so (found version "3.0.2")  \n'}
[10.435092] (beluga) StdoutLine: {'line': b"-- Using RMW implementation 'rmw_fastrtps_cpp' as default\n"}
[10.435316] (example_beluga_client) StdoutLine: {'line': b'-- Found FastRTPS: /opt/ros/humble/include  \n'}
[10.443724] (beluga) StdoutLine: {'line': b'-- Looking for pthread.h\n'}
[10.454904] (-) TimerEvent: {}
[10.479696] (example_beluga_client) StdoutLine: {'line': b"-- Using RMW implementation 'rmw_fastrtps_cpp' as default\n"}
[10.491405] (example_beluga_client) StdoutLine: {'line': b'-- Looking for pthread.h\n'}
[10.523407] (beluga) StdoutLine: {'line': b'-- Looking for pthread.h - found\n'}
[10.523579] (beluga) StdoutLine: {'line': b'-- Performing Test CMAKE_HAVE_LIBC_PTHREAD\n'}
[10.555009] (-) TimerEvent: {}
[10.564248] (example_beluga_client) StdoutLine: {'line': b'-- Looking for pthread.h - found\n'}
[10.564724] (example_beluga_client) StdoutLine: {'line': b'-- Performing Test CMAKE_HAVE_LIBC_PTHREAD\n'}
[10.601787] (beluga) StdoutLine: {'line': b'-- Performing Test CMAKE_HAVE_LIBC_PTHREAD - Success\n'}
[10.601966] (beluga) StdoutLine: {'line': b'-- Found Threads: TRUE  \n'}
[10.642577] (example_beluga_client) StdoutLine: {'line': b'-- Performing Test CMAKE_HAVE_LIBC_PTHREAD - Success\n'}
[10.643777] (example_beluga_client) StdoutLine: {'line': b'-- Found Threads: TRUE  \n'}
[10.655133] (-) TimerEvent: {}
[10.655805] (beluga) StdoutLine: {'line': b'-- Found beluga_messages: 0.0.0 (/home/admi3ev/Beluga-Firmware-Mod/install/beluga_messages/share/beluga_messages/cmake)\n'}
[10.696573] (example_beluga_client) StdoutLine: {'line': b'-- Found beluga_messages: 0.0.0 (/home/admi3ev/Beluga-Firmware-Mod/install/beluga_messages/share/beluga_messages/cmake)\n'}
[10.755228] (-) TimerEvent: {}
[10.782907] (example_beluga_client) StdoutLine: {'line': b'-- Configuring done\n'}
[10.791238] (example_beluga_client) StdoutLine: {'line': b'-- Generating done\n'}
[10.795289] (example_beluga_client) StdoutLine: {'line': b'-- Build files have been written to: /home/admi3ev/Beluga-Firmware-Mod/build/example_beluga_client\n'}
[10.804783] (example_beluga_client) CommandEnded: {'returncode': 0}
[10.805355] (example_beluga_client) JobProgress: {'identifier': 'example_beluga_client', 'progress': 'build'}
[10.805617] (example_beluga_client) Command: {'cmd': ['/usr/bin/cmake', '--build', '/home/admi3ev/Beluga-Firmware-Mod/build/example_beluga_client', '--', '-j4', '-l4'], 'cwd': '/home/admi3ev/Beluga-Firmware-Mod/build/example_beluga_client', 'env': OrderedDict([('LESSOPEN', '| /usr/bin/lesspipe %s'), ('USER', 'admi3ev'), ('USER_ID', '2'), ('XDG_SESSION_TYPE', 'wayland'), ('SHLVL', '1'), ('LD_LIBRARY_PATH', '/home/admi3ev/Beluga-Firmware-Mod/install/beluga_messages/lib:/home/admi3ev/Beluga-Firmware-Mod/ROS/install/beluga_messages/lib:/home/admi3ev/Beluga-2.0/ROS/install/beluga_messages/lib:/opt/ros/humble/opt/rviz_ogre_vendor/lib:/opt/ros/humble/lib/x86_64-linux-gnu:/opt/ros/humble/lib'), ('HOME', '/home/admi3ev'), ('OLDPWD', '/home/admi3ev'), ('DESKTOP_SESSION', 'ubuntu'), ('ROS_PYTHON_VERSION', '3'), ('GNOME_SHELL_SESSION_MODE', 'ubuntu'), ('GTK_MODULES', 'gail:atk-bridge'), ('SYSTEMD_EXEC_PID', '4360'), ('DBUS_SESSION_BUS_ADDRESS', 'unix:path=/run/user/1000/bus'), ('COLORTERM', 'truecolor'), ('IM_CONFIG_PHASE', '1'), ('WAYLAND_DISPLAY', 'wayland-0'), ('COLCON_PREFIX_PATH', '/home/admi3ev/Beluga-Firmware-Mod/ROS/install:/home/admi3ev/Beluga-2.0/ROS/install'), ('ROS_DISTRO', 'humble'), ('LOGNAME', 'admi3ev'), ('_', '/usr/bin/colcon'), ('ROS_VERSION', '2'), ('XDG_SESSION_CLASS', 'user'), ('USERNAME', 'admi3ev'), ('TERM', 'xterm-256color'), ('GNOME_DESKTOP_SESSION_ID', 'this-is-deprecated'), ('ROS_LOCALHOST_ONLY', '0'), ('PATH', '/opt/ros/humble/bin:/home/admi3ev/.local/bin:/usr/local/sbin:/usr/local/bin:/usr/sbin:/usr/bin:/sbin:/bin:/usr/games:/usr/local/games:/snap/bin:/snap/bin'), ('SESSION_MANAGER', 'local/nuc2:@/tmp/.ICE-unix/1025,unix/nuc2:/tmp/.ICE-unix/1025'), ('XDG_MENU_PREFIX', 'gnome-'), ('GNOME_TERMINAL_SCREEN', '/org/gnome/Terminal/screen/7c1cc392_220a_4895_9b76_a0c293bdefe9'), ('GNOME_SETUP_DISPLAY', ':1'), ('XDG_RUNTIME_DIR', '/run/user/1000'), ('DISPLAY', ':0'), ('LANG', 'en_US.UTF-8'), ('XDG_CURRENT_DESKTOP', 'ubuntu:GNOME'), ('XMODIFIERS', '@im=ibus'), ('XDG_SESSION_DESKTOP', 'ubuntu'), ('XAUTHORITY', '/run/user/1000/.mutter-Xwaylandauth.KC7QL3'), ('LS_COLORS', 'rs=0:di=01;34:ln=01;36:mh=00:pi=40;33:so=01;35:do=01;35:bd=40;33;01:cd=40;33;01:or=40;31;01:mi=00:su=37;41:sg=30;43:ca=30;41:tw=30;42:ow=34;42:st=37;44:ex=01;32:*.tar=01;31:*.tgz=01;31:*.arc=01;31:*.arj=01;31:*.taz=01;31:*.lha=01;31:*.lz4=01;31:*.lzh=01;31:*.lzma=01;31:*.tlz=01;31:*.txz=01;31:*.tzo=01;31:*.t7z=01;31:*.zip=01;31:*.z=01;31:*.dz=01;31:*.gz=01;31:*.lrz=01;31:*.lz=01;31:*.lzo=01;31:*.xz=01;31:*.zst=01;31:*.tzst=01;31:*.bz2=01;31:*.bz=01;31:*.tbz=01;31:*.tbz2=01;31:*.tz=01;31:*.deb=01;31:*.rpm=01;31:*.jar=01;31:*.war=01;31:*.ear=01;31:*.sar=01;31:*.rar=01;31:*.alz=01;31:*.ace=01;31:*.zoo=01;31:*.cpio=01;31:*.7z=01;31:*.rz=01;31:*.cab=01;31:*.wim=01;31:*.swm=01;31:*.dwm=01;31:*.esd=01;31:*.jpg=01;35:*.jpeg=01;35:*.mjpg=01;35:*.mjpeg=01;35:*.gif=01;35:*.bmp=01;35:*.pbm=01;35:*.pgm=01;35:*.ppm=01;35:*.tga=01;35:*.xbm=01;35:*.xpm=01;35:*.tif=01;35:*.tiff=01;35:*.png=01;35:*.svg=01;35:*.svgz=01;35:*.mng=01;35:*.pcx=01;35:*.mov=01;35:*.mpg=01;35:*.mpeg=01;35:*.m2v=01;35:*.mkv=01;35:*.webm=01;35:*.webp=01;35:*.ogm=01;35:*.mp4=01;35:*.m4v=01;35:*.mp4v=01;35:*.vob=01;35:*.qt=01;35:*.nuv=01;35:*.wmv=01;35:*.asf=01;35:*.rm=01;35:*.rmvb=01;35:*.flc=01;35:*.avi=01;35:*.fli=01;35:*.flv=01;35:*.gl=01;35:*.dl=01;35:*.xcf=01;35:*.xwd=01;35:*.yuv=01;35:*.cgm=01;35:*.emf=01;35:*.ogv=01;35:*.ogx=01;35:*.aac=00;36:*.au=00;36:*.flac=00;36:*.m4a=00;36:*.mid=00;36:*.midi=00;36:*.mka=00;36:*.mp3=00;36:*.mpc=00;36:*.ogg=00;36:*.ra=00;36:*.wav=00;36:*.oga=00;36:*.opus=00;36:*.spx=00;36:*.xspf=00;36:'), ('GNOME_TERMINAL_SERVICE', ':1.104'), ('SSH_AGENT_LAUNCHER', 'gnome-keyring'), ('SSH_AUTH_SOCK', '/run/user/1000/keyring/ssh'), ('AMENT_PREFIX_PATH', '/home/admi3ev/Beluga-Firmware-Mod/install/beluga_messages:/home/admi3ev/Beluga-Firmware-Mod/ROS/install/example_beluga_client:/home/admi3ev/Beluga-Firmware-Mod/ROS/install/beluga:/home/admi3ev/Beluga-Firmware-Mod/ROS/install/beluga_messages:/home/admi3ev/Beluga-2.0/ROS/install/example_beluga_client:/home/admi3ev/Beluga-2.0/ROS/install/beluga:/home/admi3ev/Beluga-2.0/ROS/install/beluga_messages:/opt/ros/humble'), ('SHELL', '/bin/bash'), ('QT_ACCESSIBILITY', '1'), ('GDMSESSION', 'ubuntu'), ('LESSCLOSE', '/usr/bin/lesspipe %s %s'), ('QT_IM_MODULE', 'ibus'), ('PWD', '/home/admi3ev/Beluga-Firmware-Mod/build/example_beluga_client'), ('LC_ALL', 'en_US.UTF-8'), ('XDG_CONFIG_DIRS', '/etc/xdg/xdg-ubuntu:/etc/xdg'), ('XDG_DATA_DIRS', '/usr/share/ubuntu:/usr/local/share/:/usr/share/:/var/lib/snapd/desktop'), ('PYTHONPATH', '/home/admi3ev/Beluga-Firmware-Mod/install/beluga_messages/local/lib/python3.10/dist-packages:/home/admi3ev/Beluga-Firmware-Mod/ROS/install/beluga_messages/local/lib/python3.10/dist-packages:/home/admi3ev/Beluga-2.0/ROS/install/beluga_messages/local/lib/python3.10/dist-packages:/opt/ros/humble/lib/python3.10/site-packages:/opt/ros/humble/local/lib/python3.10/dist-packages'), ('COLCON', '1'), ('VTE_VERSION', '6800'), ('CMAKE_PREFIX_PATH', '/home/admi3ev/Beluga-Firmware-Mod/install/beluga_messages:/home/admi3ev/Beluga-Firmware-Mod/ROS/install/example_beluga_client:/home/admi3ev/Beluga-Firmware-Mod/ROS/install/beluga:/home/admi3ev/Beluga-Firmware-Mod/ROS/install/beluga_messages:/home/admi3ev/Beluga-2.0/ROS/install/example_beluga_client:/home/admi3ev/Beluga-2.0/ROS/install/beluga:/home/admi3ev/Beluga-2.0/ROS/install/beluga_messages:/opt/ros/humble')]), 'shell': False}
[10.855335] (-) TimerEvent: {}
[10.858889] (example_beluga_client) StdoutLine: {'line': b'[ 50%] \x1b[32mBuilding CXX object CMakeFiles/client.dir/src/example_client.cpp.o\x1b[0m\n'}
[10.955462] (-) TimerEvent: {}
[11.055761] (-) TimerEvent: {}
[11.156044] (-) TimerEvent: {}
[11.256409] (-) TimerEvent: {}
[11.356682] (-) TimerEvent: {}
[11.456996] (-) TimerEvent: {}
[11.557311] (-) TimerEvent: {}
[11.657628] (-) TimerEvent: {}
[11.757946] (-) TimerEvent: {}
[11.858236] (-) TimerEvent: {}
[11.958533] (-) TimerEvent: {}
[12.058879] (-) TimerEvent: {}
[12.159138] (-) TimerEvent: {}
[12.259445] (-) TimerEvent: {}
[12.359813] (-) TimerEvent: {}
[12.460138] (-) TimerEvent: {}
[12.560487] (-) TimerEvent: {}
[12.660918] (-) TimerEvent: {}
[12.763041] (-) TimerEvent: {}
[12.863381] (-) TimerEvent: {}
[12.963889] (-) TimerEvent: {}
[13.064299] (-) TimerEvent: {}
[13.164851] (-) TimerEvent: {}
[13.266060] (-) TimerEvent: {}
[13.366377] (-) TimerEvent: {}
[13.466690] (-) TimerEvent: {}
[13.566983] (-) TimerEvent: {}
[13.667352] (-) TimerEvent: {}
[13.767658] (-) TimerEvent: {}
[13.868042] (-) TimerEvent: {}
[13.971301] (-) TimerEvent: {}
[14.071630] (-) TimerEvent: {}
[14.181258] (-) TimerEvent: {}
[14.281670] (-) TimerEvent: {}
[14.381993] (-) TimerEvent: {}
[14.482310] (-) TimerEvent: {}
[14.585270] (-) TimerEvent: {}
[14.685690] (-) TimerEvent: {}
[14.750198] (example_beluga_client) StdoutLine: {'line': b'[100%] \x1b[32m\x1b[1mLinking CXX executable client\x1b[0m\n'}
[14.785827] (-) TimerEvent: {}
[14.886157] (-) TimerEvent: {}
[14.918245] (example_beluga_client) StdoutLine: {'line': b'[100%] Built target client\n'}
[14.929016] (example_beluga_client) CommandEnded: {'returncode': 0}
[14.929693] (example_beluga_client) JobProgress: {'identifier': 'example_beluga_client', 'progress': 'install'}
[14.929907] (example_beluga_client) Command: {'cmd': ['/usr/bin/cmake', '--install', '/home/admi3ev/Beluga-Firmware-Mod/build/example_beluga_client'], 'cwd': '/home/admi3ev/Beluga-Firmware-Mod/build/example_beluga_client', 'env': OrderedDict([('LESSOPEN', '| /usr/bin/lesspipe %s'), ('USER', 'admi3ev'), ('USER_ID', '2'), ('XDG_SESSION_TYPE', 'wayland'), ('SHLVL', '1'), ('LD_LIBRARY_PATH', '/home/admi3ev/Beluga-Firmware-Mod/install/beluga_messages/lib:/home/admi3ev/Beluga-Firmware-Mod/ROS/install/beluga_messages/lib:/home/admi3ev/Beluga-2.0/ROS/install/beluga_messages/lib:/opt/ros/humble/opt/rviz_ogre_vendor/lib:/opt/ros/humble/lib/x86_64-linux-gnu:/opt/ros/humble/lib'), ('HOME', '/home/admi3ev'), ('OLDPWD', '/home/admi3ev'), ('DESKTOP_SESSION', 'ubuntu'), ('ROS_PYTHON_VERSION', '3'), ('GNOME_SHELL_SESSION_MODE', 'ubuntu'), ('GTK_MODULES', 'gail:atk-bridge'), ('SYSTEMD_EXEC_PID', '4360'), ('DBUS_SESSION_BUS_ADDRESS', 'unix:path=/run/user/1000/bus'), ('COLORTERM', 'truecolor'), ('IM_CONFIG_PHASE', '1'), ('WAYLAND_DISPLAY', 'wayland-0'), ('COLCON_PREFIX_PATH', '/home/admi3ev/Beluga-Firmware-Mod/ROS/install:/home/admi3ev/Beluga-2.0/ROS/install'), ('ROS_DISTRO', 'humble'), ('LOGNAME', 'admi3ev'), ('_', '/usr/bin/colcon'), ('ROS_VERSION', '2'), ('XDG_SESSION_CLASS', 'user'), ('USERNAME', 'admi3ev'), ('TERM', 'xterm-256color'), ('GNOME_DESKTOP_SESSION_ID', 'this-is-deprecated'), ('ROS_LOCALHOST_ONLY', '0'), ('PATH', '/opt/ros/humble/bin:/home/admi3ev/.local/bin:/usr/local/sbin:/usr/local/bin:/usr/sbin:/usr/bin:/sbin:/bin:/usr/games:/usr/local/games:/snap/bin:/snap/bin'), ('SESSION_MANAGER', 'local/nuc2:@/tmp/.ICE-unix/1025,unix/nuc2:/tmp/.ICE-unix/1025'), ('XDG_MENU_PREFIX', 'gnome-'), ('GNOME_TERMINAL_SCREEN', '/org/gnome/Terminal/screen/7c1cc392_220a_4895_9b76_a0c293bdefe9'), ('GNOME_SETUP_DISPLAY', ':1'), ('XDG_RUNTIME_DIR', '/run/user/1000'), ('DISPLAY', ':0'), ('LANG', 'en_US.UTF-8'), ('XDG_CURRENT_DESKTOP', 'ubuntu:GNOME'), ('XMODIFIERS', '@im=ibus'), ('XDG_SESSION_DESKTOP', 'ubuntu'), ('XAUTHORITY', '/run/user/1000/.mutter-Xwaylandauth.KC7QL3'), ('LS_COLORS', 'rs=0:di=01;34:ln=01;36:mh=00:pi=40;33:so=01;35:do=01;35:bd=40;33;01:cd=40;33;01:or=40;31;01:mi=00:su=37;41:sg=30;43:ca=30;41:tw=30;42:ow=34;42:st=37;44:ex=01;32:*.tar=01;31:*.tgz=01;31:*.arc=01;31:*.arj=01;31:*.taz=01;31:*.lha=01;31:*.lz4=01;31:*.lzh=01;31:*.lzma=01;31:*.tlz=01;31:*.txz=01;31:*.tzo=01;31:*.t7z=01;31:*.zip=01;31:*.z=01;31:*.dz=01;31:*.gz=01;31:*.lrz=01;31:*.lz=01;31:*.lzo=01;31:*.xz=01;31:*.zst=01;31:*.tzst=01;31:*.bz2=01;31:*.bz=01;31:*.tbz=01;31:*.tbz2=01;31:*.tz=01;31:*.deb=01;31:*.rpm=01;31:*.jar=01;31:*.war=01;31:*.ear=01;31:*.sar=01;31:*.rar=01;31:*.alz=01;31:*.ace=01;31:*.zoo=01;31:*.cpio=01;31:*.7z=01;31:*.rz=01;31:*.cab=01;31:*.wim=01;31:*.swm=01;31:*.dwm=01;31:*.esd=01;31:*.jpg=01;35:*.jpeg=01;35:*.mjpg=01;35:*.mjpeg=01;35:*.gif=01;35:*.bmp=01;35:*.pbm=01;35:*.pgm=01;35:*.ppm=01;35:*.tga=01;35:*.xbm=01;35:*.xpm=01;35:*.tif=01;35:*.tiff=01;35:*.png=01;35:*.svg=01;35:*.svgz=01;35:*.mng=01;35:*.pcx=01;35:*.mov=01;35:*.mpg=01;35:*.mpeg=01;35:*.m2v=01;35:*.mkv=01;35:*.webm=01;35:*.webp=01;35:*.ogm=01;35:*.mp4=01;35:*.m4v=01;35:*.mp4v=01;35:*.vob=01;35:*.qt=01;35:*.nuv=01;35:*.wmv=01;35:*.asf=01;35:*.rm=01;35:*.rmvb=01;35:*.flc=01;35:*.avi=01;35:*.fli=01;35:*.flv=01;35:*.gl=01;35:*.dl=01;35:*.xcf=01;35:*.xwd=01;35:*.yuv=01;35:*.cgm=01;35:*.emf=01;35:*.ogv=01;35:*.ogx=01;35:*.aac=00;36:*.au=00;36:*.flac=00;36:*.m4a=00;36:*.mid=00;36:*.midi=00;36:*.mka=00;36:*.mp3=00;36:*.mpc=00;36:*.ogg=00;36:*.ra=00;36:*.wav=00;36:*.oga=00;36:*.opus=00;36:*.spx=00;36:*.xspf=00;36:'), ('GNOME_TERMINAL_SERVICE', ':1.104'), ('SSH_AGENT_LAUNCHER', 'gnome-keyring'), ('SSH_AUTH_SOCK', '/run/user/1000/keyring/ssh'), ('AMENT_PREFIX_PATH', '/home/admi3ev/Beluga-Firmware-Mod/install/beluga_messages:/home/admi3ev/Beluga-Firmware-Mod/ROS/install/example_beluga_client:/home/admi3ev/Beluga-Firmware-Mod/ROS/install/beluga:/home/admi3ev/Beluga-Firmware-Mod/ROS/install/beluga_messages:/home/admi3ev/Beluga-2.0/ROS/install/example_beluga_client:/home/admi3ev/Beluga-2.0/ROS/install/beluga:/home/admi3ev/Beluga-2.0/ROS/install/beluga_messages:/opt/ros/humble'), ('SHELL', '/bin/bash'), ('QT_ACCESSIBILITY', '1'), ('GDMSESSION', 'ubuntu'), ('LESSCLOSE', '/usr/bin/lesspipe %s %s'), ('QT_IM_MODULE', 'ibus'), ('PWD', '/home/admi3ev/Beluga-Firmware-Mod/build/example_beluga_client'), ('LC_ALL', 'en_US.UTF-8'), ('XDG_CONFIG_DIRS', '/etc/xdg/xdg-ubuntu:/etc/xdg'), ('XDG_DATA_DIRS', '/usr/share/ubuntu:/usr/local/share/:/usr/share/:/var/lib/snapd/desktop'), ('PYTHONPATH', '/home/admi3ev/Beluga-Firmware-Mod/install/beluga_messages/local/lib/python3.10/dist-packages:/home/admi3ev/Beluga-Firmware-Mod/ROS/install/beluga_messages/local/lib/python3.10/dist-packages:/home/admi3ev/Beluga-2.0/ROS/install/beluga_messages/local/lib/python3.10/dist-packages:/opt/ros/humble/lib/python3.10/site-packages:/opt/ros/humble/local/lib/python3.10/dist-packages'), ('COLCON', '1'), ('VTE_VERSION', '6800'), ('CMAKE_PREFIX_PATH', '/home/admi3ev/Beluga-Firmware-Mod/install/beluga_messages:/home/admi3ev/Beluga-Firmware-Mod/ROS/install/example_beluga_client:/home/admi3ev/Beluga-Firmware-Mod/ROS/install/beluga:/home/admi3ev/Beluga-Firmware-Mod/ROS/install/beluga_messages:/home/admi3ev/Beluga-2.0/ROS/install/example_beluga_client:/home/admi3ev/Beluga-2.0/ROS/install/beluga:/home/admi3ev/Beluga-2.0/ROS/install/beluga_messages:/opt/ros/humble')]), 'shell': False}
[14.938338] (example_beluga_client) StdoutLine: {'line': b'-- Install configuration: ""\n'}
[14.938551] (example_beluga_client) StdoutLine: {'line': b'-- Installing: /home/admi3ev/Beluga-Firmware-Mod/install/example_beluga_client/lib/example_beluga_client/client\n'}
[14.939418] (example_beluga_client) StdoutLine: {'line': b'-- Set runtime path of "/home/admi3ev/Beluga-Firmware-Mod/install/example_beluga_client/lib/example_beluga_client/client" to ""\n'}
[14.939553] (example_beluga_client) StdoutLine: {'line': b'-- Installing: /home/admi3ev/Beluga-Firmware-Mod/install/example_beluga_client/share/ament_index/resource_index/package_run_dependencies/example_beluga_client\n'}
[14.939757] (example_beluga_client) StdoutLine: {'line': b'-- Installing: /home/admi3ev/Beluga-Firmware-Mod/install/example_beluga_client/share/ament_index/resource_index/parent_prefix_path/example_beluga_client\n'}
[14.939936] (example_beluga_client) StdoutLine: {'line': b'-- Installing: /home/admi3ev/Beluga-Firmware-Mod/install/example_beluga_client/share/example_beluga_client/environment/ament_prefix_path.sh\n'}
[14.940066] (example_beluga_client) StdoutLine: {'line': b'-- Installing: /home/admi3ev/Beluga-Firmware-Mod/install/example_beluga_client/share/example_beluga_client/environment/ament_prefix_path.dsv\n'}
[14.940190] (example_beluga_client) StdoutLine: {'line': b'-- Installing: /home/admi3ev/Beluga-Firmware-Mod/install/example_beluga_client/share/example_beluga_client/environment/path.sh\n'}
[14.940307] (example_beluga_client) StdoutLine: {'line': b'-- Installing: /home/admi3ev/Beluga-Firmware-Mod/install/example_beluga_client/share/example_beluga_client/environment/path.dsv\n'}
[14.940428] (example_beluga_client) StdoutLine: {'line': b'-- Installing: /home/admi3ev/Beluga-Firmware-Mod/install/example_beluga_client/share/example_beluga_client/local_setup.bash\n'}
[14.940568] (example_beluga_client) StdoutLine: {'line': b'-- Installing: /home/admi3ev/Beluga-Firmware-Mod/install/example_beluga_client/share/example_beluga_client/local_setup.sh\n'}
[14.940713] (example_beluga_client) StdoutLine: {'line': b'-- Installing: /home/admi3ev/Beluga-Firmware-Mod/install/example_beluga_client/share/example_beluga_client/local_setup.zsh\n'}
[14.940850] (example_beluga_client) StdoutLine: {'line': b'-- Installing: /home/admi3ev/Beluga-Firmware-Mod/install/example_beluga_client/share/example_beluga_client/local_setup.dsv\n'}
[14.940979] (example_beluga_client) StdoutLine: {'line': b'-- Installing: /home/admi3ev/Beluga-Firmware-Mod/install/example_beluga_client/share/example_beluga_client/package.dsv\n'}
[14.941289] (example_beluga_client) StdoutLine: {'line': b'-- Installing: /home/admi3ev/Beluga-Firmware-Mod/install/example_beluga_client/share/ament_index/resource_index/packages/example_beluga_client\n'}
[14.941440] (example_beluga_client) StdoutLine: {'line': b'-- Installing: /home/admi3ev/Beluga-Firmware-Mod/install/example_beluga_client/share/example_beluga_client/cmake/example_beluga_clientConfig.cmake\n'}
[14.941546] (example_beluga_client) StdoutLine: {'line': b'-- Installing: /home/admi3ev/Beluga-Firmware-Mod/install/example_beluga_client/share/example_beluga_client/cmake/example_beluga_clientConfig-version.cmake\n'}
[14.941673] (example_beluga_client) StdoutLine: {'line': b'-- Installing: /home/admi3ev/Beluga-Firmware-Mod/install/example_beluga_client/share/example_beluga_client/package.xml\n'}
[14.943302] (example_beluga_client) CommandEnded: {'returncode': 0}
[14.986421] (-) TimerEvent: {}
[15.035769] (example_beluga_client) JobEnded: {'identifier': 'example_beluga_client', 'rc': 0}
[15.086532] (-) TimerEvent: {}
[15.186909] (-) TimerEvent: {}
[15.287619] (-) TimerEvent: {}
[15.388241] (-) TimerEvent: {}
[15.488517] (-) TimerEvent: {}
[15.588890] (-) TimerEvent: {}
[15.689607] (-) TimerEvent: {}
[15.789899] (-) TimerEvent: {}
[15.891154] (-) TimerEvent: {}
[15.992366] (-) TimerEvent: {}
[16.092668] (-) TimerEvent: {}
[16.192944] (-) TimerEvent: {}
[16.293239] (-) TimerEvent: {}
[16.393519] (-) TimerEvent: {}
[16.493823] (-) TimerEvent: {}
[16.594140] (-) TimerEvent: {}
[16.694420] (-) TimerEvent: {}
[16.794719] (-) TimerEvent: {}
[16.895024] (-) TimerEvent: {}
[16.995355] (-) TimerEvent: {}
[17.095629] (-) TimerEvent: {}
[17.195937] (-) TimerEvent: {}
[17.296221] (-) TimerEvent: {}
[17.396489] (-) TimerEvent: {}
[17.496754] (-) TimerEvent: {}
[17.597039] (-) TimerEvent: {}
[17.697332] (-) TimerEvent: {}
[17.797615] (-) TimerEvent: {}
[17.898088] (-) TimerEvent: {}
[17.998365] (-) TimerEvent: {}
[18.098734] (-) TimerEvent: {}
[18.201136] (-) TimerEvent: {}
[18.301432] (-) TimerEvent: {}
[18.401709] (-) TimerEvent: {}
[18.503341] (-) TimerEvent: {}
[18.603657] (-) TimerEvent: {}
[18.703971] (-) TimerEvent: {}
[18.804320] (-) TimerEvent: {}
[18.904641] (-) TimerEvent: {}
[19.005269] (-) TimerEvent: {}
[19.105595] (-) TimerEvent: {}
[19.205873] (-) TimerEvent: {}
[19.306131] (-) TimerEvent: {}
[19.406417] (-) TimerEvent: {}
[19.506703] (-) TimerEvent: {}
[19.606997] (-) TimerEvent: {}
[19.613221] (beluga) StdoutLine: {'line': b'-- DAW_USE_EXCEPTIONS=ON: Errors throw json_exception\n'}
[19.613409] (beluga) StdoutLine: {'line': b'-- DAW_NO_FLATTEN=ON: Disabling function flattening and forced inline optimization\n'}
[19.616818] (beluga) StdoutLine: {'line': b'-- Found ament_lint_auto: 0.12.15 (/opt/ros/humble/share/ament_lint_auto/cmake)\n'}
[19.698403] (beluga) StdoutLine: {'line': b"-- Added test 'cppcheck' to perform static code analysis on C / C++ code\n"}
[19.698632] (beluga) StdoutLine: {'line': b'-- Configured cppcheck include dirs: /home/admi3ev/Beluga-Firmware-Mod/ROS/src/beluga/include\n'}
[19.698726] (beluga) StdoutLine: {'line': b'-- Configured cppcheck exclude dirs and/or files: \n'}
[19.699424] (beluga) StdoutLine: {'line': b"-- Added test 'lint_cmake' to check CMake code style\n"}
[19.700538] (beluga) StdoutLine: {'line': b"-- Added test 'uncrustify' to check C / C++ code style\n"}
[19.700644] (beluga) StdoutLine: {'line': b'-- Configured uncrustify additional arguments: \n'}
[19.701173] (beluga) StdoutLine: {'line': b"-- Added test 'xmllint' to check XML markup files\n"}
[19.702779] (beluga) StdoutLine: {'line': b'-- Configuring done\n'}
[19.707102] (-) TimerEvent: {}
[19.721248] (beluga) StdoutLine: {'line': b'-- Generating done\n'}
[19.727421] (beluga) StdoutLine: {'line': b'-- Build files have been written to: /home/admi3ev/Beluga-Firmware-Mod/build/beluga\n'}
[19.746403] (beluga) CommandEnded: {'returncode': 0}
[19.749334] (beluga) JobProgress: {'identifier': 'beluga', 'progress': 'build'}
[19.749382] (beluga) Command: {'cmd': ['/usr/bin/cmake', '--build', '/home/admi3ev/Beluga-Firmware-Mod/build/beluga', '--', '-j4', '-l4'], 'cwd': '/home/admi3ev/Beluga-Firmware-Mod/build/beluga', 'env': OrderedDict([('LESSOPEN', '| /usr/bin/lesspipe %s'), ('USER', 'admi3ev'), ('USER_ID', '2'), ('XDG_SESSION_TYPE', 'wayland'), ('SHLVL', '1'), ('LD_LIBRARY_PATH', '/home/admi3ev/Beluga-Firmware-Mod/install/beluga_messages/lib:/home/admi3ev/Beluga-Firmware-Mod/ROS/install/beluga_messages/lib:/home/admi3ev/Beluga-2.0/ROS/install/beluga_messages/lib:/opt/ros/humble/opt/rviz_ogre_vendor/lib:/opt/ros/humble/lib/x86_64-linux-gnu:/opt/ros/humble/lib'), ('HOME', '/home/admi3ev'), ('OLDPWD', '/home/admi3ev'), ('DESKTOP_SESSION', 'ubuntu'), ('ROS_PYTHON_VERSION', '3'), ('GNOME_SHELL_SESSION_MODE', 'ubuntu'), ('GTK_MODULES', 'gail:atk-bridge'), ('SYSTEMD_EXEC_PID', '4360'), ('DBUS_SESSION_BUS_ADDRESS', 'unix:path=/run/user/1000/bus'), ('COLORTERM', 'truecolor'), ('IM_CONFIG_PHASE', '1'), ('WAYLAND_DISPLAY', 'wayland-0'), ('COLCON_PREFIX_PATH', '/home/admi3ev/Beluga-Firmware-Mod/ROS/install:/home/admi3ev/Beluga-2.0/ROS/install'), ('ROS_DISTRO', 'humble'), ('LOGNAME', 'admi3ev'), ('_', '/usr/bin/colcon'), ('ROS_VERSION', '2'), ('XDG_SESSION_CLASS', 'user'), ('USERNAME', 'admi3ev'), ('TERM', 'xterm-256color'), ('GNOME_DESKTOP_SESSION_ID', 'this-is-deprecated'), ('ROS_LOCALHOST_ONLY', '0'), ('PATH', '/opt/ros/humble/bin:/home/admi3ev/.local/bin:/usr/local/sbin:/usr/local/bin:/usr/sbin:/usr/bin:/sbin:/bin:/usr/games:/usr/local/games:/snap/bin:/snap/bin'), ('SESSION_MANAGER', 'local/nuc2:@/tmp/.ICE-unix/1025,unix/nuc2:/tmp/.ICE-unix/1025'), ('XDG_MENU_PREFIX', 'gnome-'), ('GNOME_TERMINAL_SCREEN', '/org/gnome/Terminal/screen/7c1cc392_220a_4895_9b76_a0c293bdefe9'), ('GNOME_SETUP_DISPLAY', ':1'), ('XDG_RUNTIME_DIR', '/run/user/1000'), ('DISPLAY', ':0'), ('LANG', 'en_US.UTF-8'), ('XDG_CURRENT_DESKTOP', 'ubuntu:GNOME'), ('XMODIFIERS', '@im=ibus'), ('XDG_SESSION_DESKTOP', 'ubuntu'), ('XAUTHORITY', '/run/user/1000/.mutter-Xwaylandauth.KC7QL3'), ('LS_COLORS', 'rs=0:di=01;34:ln=01;36:mh=00:pi=40;33:so=01;35:do=01;35:bd=40;33;01:cd=40;33;01:or=40;31;01:mi=00:su=37;41:sg=30;43:ca=30;41:tw=30;42:ow=34;42:st=37;44:ex=01;32:*.tar=01;31:*.tgz=01;31:*.arc=01;31:*.arj=01;31:*.taz=01;31:*.lha=01;31:*.lz4=01;31:*.lzh=01;31:*.lzma=01;31:*.tlz=01;31:*.txz=01;31:*.tzo=01;31:*.t7z=01;31:*.zip=01;31:*.z=01;31:*.dz=01;31:*.gz=01;31:*.lrz=01;31:*.lz=01;31:*.lzo=01;31:*.xz=01;31:*.zst=01;31:*.tzst=01;31:*.bz2=01;31:*.bz=01;31:*.tbz=01;31:*.tbz2=01;31:*.tz=01;31:*.deb=01;31:*.rpm=01;31:*.jar=01;31:*.war=01;31:*.ear=01;31:*.sar=01;31:*.rar=01;31:*.alz=01;31:*.ace=01;31:*.zoo=01;31:*.cpio=01;31:*.7z=01;31:*.rz=01;31:*.cab=01;31:*.wim=01;31:*.swm=01;31:*.dwm=01;31:*.esd=01;31:*.jpg=01;35:*.jpeg=01;35:*.mjpg=01;35:*.mjpeg=01;35:*.gif=01;35:*.bmp=01;35:*.pbm=01;35:*.pgm=01;35:*.ppm=01;35:*.tga=01;35:*.xbm=01;35:*.xpm=01;35:*.tif=01;35:*.tiff=01;35:*.png=01;35:*.svg=01;35:*.svgz=01;35:*.mng=01;35:*.pcx=01;35:*.mov=01;35:*.mpg=01;35:*.mpeg=01;35:*.m2v=01;35:*.mkv=01;35:*.webm=01;35:*.webp=01;35:*.ogm=01;35:*.mp4=01;35:*.m4v=01;35:*.mp4v=01;35:*.vob=01;35:*.qt=01;35:*.nuv=01;35:*.wmv=01;35:*.asf=01;35:*.rm=01;35:*.rmvb=01;35:*.flc=01;35:*.avi=01;35:*.fli=01;35:*.flv=01;35:*.gl=01;35:*.dl=01;35:*.xcf=01;35:*.xwd=01;35:*.yuv=01;35:*.cgm=01;35:*.emf=01;35:*.ogv=01;35:*.ogx=01;35:*.aac=00;36:*.au=00;36:*.flac=00;36:*.m4a=00;36:*.mid=00;36:*.midi=00;36:*.mka=00;36:*.mp3=00;36:*.mpc=00;36:*.ogg=00;36:*.ra=00;36:*.wav=00;36:*.oga=00;36:*.opus=00;36:*.spx=00;36:*.xspf=00;36:'), ('GNOME_TERMINAL_SERVICE', ':1.104'), ('SSH_AGENT_LAUNCHER', 'gnome-keyring'), ('SSH_AUTH_SOCK', '/run/user/1000/keyring/ssh'), ('AMENT_PREFIX_PATH', '/home/admi3ev/Beluga-Firmware-Mod/install/beluga_messages:/home/admi3ev/Beluga-Firmware-Mod/ROS/install/example_beluga_client:/home/admi3ev/Beluga-Firmware-Mod/ROS/install/beluga:/home/admi3ev/Beluga-Firmware-Mod/ROS/install/beluga_messages:/home/admi3ev/Beluga-2.0/ROS/install/example_beluga_client:/home/admi3ev/Beluga-2.0/ROS/install/beluga:/home/admi3ev/Beluga-2.0/ROS/install/beluga_messages:/opt/ros/humble'), ('SHELL', '/bin/bash'), ('QT_ACCESSIBILITY', '1'), ('GDMSESSION', 'ubuntu'), ('LESSCLOSE', '/usr/bin/lesspipe %s %s'), ('QT_IM_MODULE', 'ibus'), ('PWD', '/home/admi3ev/Beluga-Firmware-Mod/build/beluga'), ('LC_ALL', 'en_US.UTF-8'), ('XDG_CONFIG_DIRS', '/etc/xdg/xdg-ubuntu:/etc/xdg'), ('XDG_DATA_DIRS', '/usr/share/ubuntu:/usr/local/share/:/usr/share/:/var/lib/snapd/desktop'), ('PYTHONPATH', '/home/admi3ev/Beluga-Firmware-Mod/install/beluga_messages/local/lib/python3.10/dist-packages:/home/admi3ev/Beluga-Firmware-Mod/ROS/install/beluga_messages/local/lib/python3.10/dist-packages:/home/admi3ev/Beluga-2.0/ROS/install/beluga_messages/local/lib/python3.10/dist-packages:/opt/ros/humble/lib/python3.10/site-packages:/opt/ros/humble/local/lib/python3.10/dist-packages'), ('COLCON', '1'), ('VTE_VERSION', '6800'), ('CMAKE_PREFIX_PATH', '/home/admi3ev/Beluga-Firmware-Mod/install/beluga_messages:/home/admi3ev/Beluga-Firmware-Mod/ROS/install/example_beluga_client:/home/admi3ev/Beluga-Firmware-Mod/ROS/install/beluga:/home/admi3ev/Beluga-Firmware-Mod/ROS/install/beluga_messages:/home/admi3ev/Beluga-2.0/ROS/install/example_beluga_client:/home/admi3ev/Beluga-2.0/ROS/install/beluga:/home/admi3ev/Beluga-2.0/ROS/install/beluga_messages:/opt/ros/humble')]), 'shell': False}
[19.805147] (beluga) StdoutLine: {'line': b'[  6%] \x1b[32mBuilding C object beluga-serial-lib/serial/CMakeFiles/serial.dir/src/core/C-API/serial_posix.c.o\x1b[0m\n'}
[19.806071] (beluga) StdoutLine: {'line': b'[ 13%] \x1b[32mBuilding CXX object beluga-serial-lib/serial/CMakeFiles/serial.dir/src/core/serial_base.cpp.o\x1b[0m\n'}
[19.807207] (-) TimerEvent: {}
[19.809250] (beluga) StdoutLine: {'line': b'[ 20%] \x1b[32mBuilding CXX object beluga-serial-lib/serial/CMakeFiles/serial.dir/src/core/serial_posix.cpp.o\x1b[0m\n'}
[19.817523] (beluga) StdoutLine: {'line': b'[ 26%] \x1b[32mBuilding CXX object beluga-serial-lib/serial/CMakeFiles/serial.dir/src/tools/core/sys_fs_common.cpp.o\x1b[0m\n'}
[19.901404] (beluga) StdoutLine: {'line': b'[ 33%] \x1b[32mBuilding CXX object beluga-serial-lib/serial/CMakeFiles/serial.dir/src/tools/core/sys_fs_linux.cpp.o\x1b[0m\n'}
[19.907359] (-) TimerEvent: {}
[20.007687] (-) TimerEvent: {}
[20.110322] (-) TimerEvent: {}
[20.210774] (-) TimerEvent: {}
[20.311135] (-) TimerEvent: {}
[20.411569] (-) TimerEvent: {}
[20.512025] (-) TimerEvent: {}
[20.612533] (-) TimerEvent: {}
[20.715361] (-) TimerEvent: {}
[20.763795] (beluga) StdoutLine: {'line': b'[ 40%] \x1b[32mBuilding CXX object beluga-serial-lib/serial/CMakeFiles/serial.dir/src/tools/list_ports.cpp.o\x1b[0m\n'}
[20.815469] (-) TimerEvent: {}
[20.915820] (-) TimerEvent: {}
[21.016279] (-) TimerEvent: {}
[21.116742] (-) TimerEvent: {}
[21.218382] (-) TimerEvent: {}
[21.318816] (-) TimerEvent: {}
[21.419117] (-) TimerEvent: {}
[21.519538] (-) TimerEvent: {}
[21.619840] (-) TimerEvent: {}
[21.622383] (beluga) StdoutLine: {'line': b'[ 46%] \x1b[32m\x1b[1mLinking CXX static library libserial.a\x1b[0m\n'}
[21.664567] (beluga) StdoutLine: {'line': b'[ 46%] Built target serial\n'}
[21.689543] (beluga) StdoutLine: {'line': b'[ 60%] \x1b[32mBuilding CXX object beluga-serial-lib/CMakeFiles/beluga-serial.dir/src/beluga_neighbor_list.cpp.o\x1b[0m\n'}
[21.689748] (beluga) StdoutLine: {'line': b'[ 60%] \x1b[32mBuilding CXX object beluga-serial-lib/CMakeFiles/beluga-serial.dir/src/beluga_event.cpp.o\x1b[0m\n'}
[21.689847] (beluga) StdoutLine: {'line': b'[ 66%] \x1b[32mBuilding CXX object beluga-serial-lib/CMakeFiles/beluga-serial.dir/src/beluga_frame.cpp.o\x1b[0m\n'}
[21.689993] (beluga) StdoutLine: {'line': b'[ 73%] \x1b[32mBuilding CXX object beluga-serial-lib/CMakeFiles/beluga-serial.dir/src/beluga_serial.cpp.o\x1b[0m\n'}
[21.719944] (-) TimerEvent: {}
[21.822211] (-) TimerEvent: {}
[21.922576] (-) TimerEvent: {}
[22.022939] (-) TimerEvent: {}
[22.125347] (-) TimerEvent: {}
[22.228152] (-) TimerEvent: {}
[22.328491] (-) TimerEvent: {}
[22.428877] (-) TimerEvent: {}
[22.532157] (-) TimerEvent: {}
[22.632529] (-) TimerEvent: {}
[22.732956] (-) TimerEvent: {}
[22.833405] (-) TimerEvent: {}
[22.933751] (-) TimerEvent: {}
[23.036325] (-) TimerEvent: {}
[23.136800] (-) TimerEvent: {}
[23.237149] (-) TimerEvent: {}
[23.337447] (-) TimerEvent: {}
[23.440153] (-) TimerEvent: {}
[23.540620] (-) TimerEvent: {}
[23.640964] (-) TimerEvent: {}
[23.741437] (-) TimerEvent: {}
[23.841775] (-) TimerEvent: {}
[23.944145] (-) TimerEvent: {}
[24.044457] (-) TimerEvent: {}
[24.144773] (-) TimerEvent: {}
[24.245128] (-) TimerEvent: {}
[24.345433] (-) TimerEvent: {}
[24.450396] (-) TimerEvent: {}
[24.550693] (-) TimerEvent: {}
[24.650983] (-) TimerEvent: {}
[24.751317] (-) TimerEvent: {}
[24.853304] (-) TimerEvent: {}
[24.953753] (-) TimerEvent: {}
[25.055182] (-) TimerEvent: {}
[25.155541] (-) TimerEvent: {}
[25.255980] (-) TimerEvent: {}
[25.356446] (-) TimerEvent: {}
[25.386478] (beluga) StdoutLine: {'line': b'[ 80%] \x1b[32m\x1b[1mLinking CXX static library libbeluga-serial.a\x1b[0m\n'}
[25.450976] (beluga) StdoutLine: {'line': b'[ 80%] Built target beluga-serial\n'}
[25.456567] (-) TimerEvent: {}
[25.473505] (beluga) StdoutLine: {'line': b'[ 86%] \x1b[32mBuilding CXX object CMakeFiles/beluga.dir/src/beluga_main.cpp.o\x1b[0m\n'}
[25.473719] (beluga) StdoutLine: {'line': b'[ 93%] \x1b[32mBuilding CXX object CMakeFiles/beluga.dir/src/beluga.cpp.o\x1b[0m\n'}
[25.556668] (-) TimerEvent: {}
[25.658144] (-) TimerEvent: {}
[25.758450] (-) TimerEvent: {}
[25.858856] (-) TimerEvent: {}
[25.959143] (-) TimerEvent: {}
[26.059474] (-) TimerEvent: {}
[26.159811] (-) TimerEvent: {}
[26.260141] (-) TimerEvent: {}
[26.360461] (-) TimerEvent: {}
[26.460819] (-) TimerEvent: {}
[26.564307] (-) TimerEvent: {}
[26.667147] (-) TimerEvent: {}
[26.767479] (-) TimerEvent: {}
[26.867813] (-) TimerEvent: {}
[26.968129] (-) TimerEvent: {}
[27.068427] (-) TimerEvent: {}
[27.168884] (-) TimerEvent: {}
[27.269205] (-) TimerEvent: {}
[27.369553] (-) TimerEvent: {}
[27.469863] (-) TimerEvent: {}
[27.570179] (-) TimerEvent: {}
[27.672605] (-) TimerEvent: {}
[27.772997] (-) TimerEvent: {}
[27.873377] (-) TimerEvent: {}
[27.973720] (-) TimerEvent: {}
[28.074088] (-) TimerEvent: {}
[28.174398] (-) TimerEvent: {}
[28.274719] (-) TimerEvent: {}
[28.375069] (-) TimerEvent: {}
[28.475449] (-) TimerEvent: {}
[28.577191] (-) TimerEvent: {}
[28.677643] (-) TimerEvent: {}
[28.777948] (-) TimerEvent: {}
[28.878299] (-) TimerEvent: {}
[28.978736] (-) TimerEvent: {}
[29.079090] (-) TimerEvent: {}
[29.179400] (-) TimerEvent: {}
[29.279851] (-) TimerEvent: {}
[29.380175] (-) TimerEvent: {}
[29.480529] (-) TimerEvent: {}
[29.580896] (-) TimerEvent: {}
[29.681710] (-) TimerEvent: {}
[29.782031] (-) TimerEvent: {}
[29.882388] (-) TimerEvent: {}
[29.982695] (-) TimerEvent: {}
[30.083063] (-) TimerEvent: {}
[30.183489] (-) TimerEvent: {}
[30.283839] (-) TimerEvent: {}
[30.384228] (-) TimerEvent: {}
[30.484573] (-) TimerEvent: {}
[30.584918] (-) TimerEvent: {}
[30.685286] (-) TimerEvent: {}
[30.785665] (-) TimerEvent: {}
[30.886120] (-) TimerEvent: {}
[30.986567] (-) TimerEvent: {}
[31.086911] (-) TimerEvent: {}
[31.187273] (-) TimerEvent: {}
[31.287574] (-) TimerEvent: {}
[31.387878] (-) TimerEvent: {}
[31.488173] (-) TimerEvent: {}
[31.588475] (-) TimerEvent: {}
[31.688816] (-) TimerEvent: {}
[31.789161] (-) TimerEvent: {}
[31.889487] (-) TimerEvent: {}
[31.989986] (-) TimerEvent: {}
[32.090366] (-) TimerEvent: {}
[32.190659] (-) TimerEvent: {}
[32.290970] (-) TimerEvent: {}
[32.391299] (-) TimerEvent: {}
[32.491603] (-) TimerEvent: {}
[32.592302] (-) TimerEvent: {}
[32.692697] (-) TimerEvent: {}
[32.794185] (-) TimerEvent: {}
[32.894607] (-) TimerEvent: {}
[32.994987] (-) TimerEvent: {}
[33.095324] (-) TimerEvent: {}
[33.192988] (beluga) StdoutLine: {'line': b'[100%] \x1b[32m\x1b[1mLinking CXX executable beluga\x1b[0m\n'}
[33.195408] (-) TimerEvent: {}
[33.295697] (-) TimerEvent: {}
[33.396049] (-) TimerEvent: {}
[33.496352] (-) TimerEvent: {}
[33.596656] (-) TimerEvent: {}
[33.629732] (beluga) StdoutLine: {'line': b'[100%] Built target beluga\n'}
[33.641205] (beluga) CommandEnded: {'returncode': 0}
[33.642681] (beluga) JobProgress: {'identifier': 'beluga', 'progress': 'install'}
[33.642843] (beluga) Command: {'cmd': ['/usr/bin/cmake', '--install', '/home/admi3ev/Beluga-Firmware-Mod/build/beluga'], 'cwd': '/home/admi3ev/Beluga-Firmware-Mod/build/beluga', 'env': OrderedDict([('LESSOPEN', '| /usr/bin/lesspipe %s'), ('USER', 'admi3ev'), ('USER_ID', '2'), ('XDG_SESSION_TYPE', 'wayland'), ('SHLVL', '1'), ('LD_LIBRARY_PATH', '/home/admi3ev/Beluga-Firmware-Mod/install/beluga_messages/lib:/home/admi3ev/Beluga-Firmware-Mod/ROS/install/beluga_messages/lib:/home/admi3ev/Beluga-2.0/ROS/install/beluga_messages/lib:/opt/ros/humble/opt/rviz_ogre_vendor/lib:/opt/ros/humble/lib/x86_64-linux-gnu:/opt/ros/humble/lib'), ('HOME', '/home/admi3ev'), ('OLDPWD', '/home/admi3ev'), ('DESKTOP_SESSION', 'ubuntu'), ('ROS_PYTHON_VERSION', '3'), ('GNOME_SHELL_SESSION_MODE', 'ubuntu'), ('GTK_MODULES', 'gail:atk-bridge'), ('SYSTEMD_EXEC_PID', '4360'), ('DBUS_SESSION_BUS_ADDRESS', 'unix:path=/run/user/1000/bus'), ('COLORTERM', 'truecolor'), ('IM_CONFIG_PHASE', '1'), ('WAYLAND_DISPLAY', 'wayland-0'), ('COLCON_PREFIX_PATH', '/home/admi3ev/Beluga-Firmware-Mod/ROS/install:/home/admi3ev/Beluga-2.0/ROS/install'), ('ROS_DISTRO', 'humble'), ('LOGNAME', 'admi3ev'), ('_', '/usr/bin/colcon'), ('ROS_VERSION', '2'), ('XDG_SESSION_CLASS', 'user'), ('USERNAME', 'admi3ev'), ('TERM', 'xterm-256color'), ('GNOME_DESKTOP_SESSION_ID', 'this-is-deprecated'), ('ROS_LOCALHOST_ONLY', '0'), ('PATH', '/opt/ros/humble/bin:/home/admi3ev/.local/bin:/usr/local/sbin:/usr/local/bin:/usr/sbin:/usr/bin:/sbin:/bin:/usr/games:/usr/local/games:/snap/bin:/snap/bin'), ('SESSION_MANAGER', 'local/nuc2:@/tmp/.ICE-unix/1025,unix/nuc2:/tmp/.ICE-unix/1025'), ('XDG_MENU_PREFIX', 'gnome-'), ('GNOME_TERMINAL_SCREEN', '/org/gnome/Terminal/screen/7c1cc392_220a_4895_9b76_a0c293bdefe9'), ('GNOME_SETUP_DISPLAY', ':1'), ('XDG_RUNTIME_DIR', '/run/user/1000'), ('DISPLAY', ':0'), ('LANG', 'en_US.UTF-8'), ('XDG_CURRENT_DESKTOP', 'ubuntu:GNOME'), ('XMODIFIERS', '@im=ibus'), ('XDG_SESSION_DESKTOP', 'ubuntu'), ('XAUTHORITY', '/run/user/1000/.mutter-Xwaylandauth.KC7QL3'), ('LS_COLORS', 'rs=0:di=01;34:ln=01;36:mh=00:pi=40;33:so=01;35:do=01;35:bd=40;33;01:cd=40;33;01:or=40;31;01:mi=00:su=37;41:sg=30;43:ca=30;41:tw=30;42:ow=34;42:st=37;44:ex=01;32:*.tar=01;31:*.tgz=01;31:*.arc=01;31:*.arj=01;31:*.taz=01;31:*.lha=01;31:*.lz4=01;31:*.lzh=01;31:*.lzma=01;31:*.tlz=01;31:*.txz=01;31:*.tzo=01;31:*.t7z=01;31:*.zip=01;31:*.z=01;31:*.dz=01;31:*.gz=01;31:*.lrz=01;31:*.lz=01;31:*.lzo=01;31:*.xz=01;31:*.zst=01;31:*.tzst=01;31:*.bz2=01;31:*.bz=01;31:*.tbz=01;31:*.tbz2=01;31:*.tz=01;31:*.deb=01;31:*.rpm=01;31:*.jar=01;31:*.war=01;31:*.ear=01;31:*.sar=01;31:*.rar=01;31:*.alz=01;31:*.ace=01;31:*.zoo=01;31:*.cpio=01;31:*.7z=01;31:*.rz=01;31:*.cab=01;31:*.wim=01;31:*.swm=01;31:*.dwm=01;31:*.esd=01;31:*.jpg=01;35:*.jpeg=01;35:*.mjpg=01;35:*.mjpeg=01;35:*.gif=01;35:*.bmp=01;35:*.pbm=01;35:*.pgm=01;35:*.ppm=01;35:*.tga=01;35:*.xbm=01;35:*.xpm=01;35:*.tif=01;35:*.tiff=01;35:*.png=01;35:*.svg=01;35:*.svgz=01;35:*.mng=01;35:*.pcx=01;35:*.mov=01;35:*.mpg=01;35:*.mpeg=01;35:*.m2v=01;35:*.mkv=01;35:*.webm=01;35:*.webp=01;35:*.ogm=01;35:*.mp4=01;35:*.m4v=01;35:*.mp4v=01;35:*.vob=01;35:*.qt=01;35:*.nuv=01;35:*.wmv=01;35:*.asf=01;35:*.rm=01;35:*.rmvb=01;35:*.flc=01;35:*.avi=01;35:*.fli=01;35:*.flv=01;35:*.gl=01;35:*.dl=01;35:*.xcf=01;35:*.xwd=01;35:*.yuv=01;35:*.cgm=01;35:*.emf=01;35:*.ogv=01;35:*.ogx=01;35:*.aac=00;36:*.au=00;36:*.flac=00;36:*.m4a=00;36:*.mid=00;36:*.midi=00;36:*.mka=00;36:*.mp3=00;36:*.mpc=00;36:*.ogg=00;36:*.ra=00;36:*.wav=00;36:*.oga=00;36:*.opus=00;36:*.spx=00;36:*.xspf=00;36:'), ('GNOME_TERMINAL_SERVICE', ':1.104'), ('SSH_AGENT_LAUNCHER', 'gnome-keyring'), ('SSH_AUTH_SOCK', '/run/user/1000/keyring/ssh'), ('AMENT_PREFIX_PATH', '/home/admi3ev/Beluga-Firmware-Mod/install/beluga_messages:/home/admi3ev/Beluga-Firmware-Mod/ROS/install/example_beluga_client:/home/admi3ev/Beluga-Firmware-Mod/ROS/install/beluga:/home/admi3ev/Beluga-Firmware-Mod/ROS/install/beluga_messages:/home/admi3ev/Beluga-2.0/ROS/install/example_beluga_client:/home/admi3ev/Beluga-2.0/ROS/install/beluga:/home/admi3ev/Beluga-2.0/ROS/install/beluga_messages:/opt/ros/humble'), ('SHELL', '/bin/bash'), ('QT_ACCESSIBILITY', '1'), ('GDMSESSION', 'ubuntu'), ('LESSCLOSE', '/usr/bin/lesspipe %s %s'), ('QT_IM_MODULE', 'ibus'), ('PWD', '/home/admi3ev/Beluga-Firmware-Mod/build/beluga'), ('LC_ALL', 'en_US.UTF-8'), ('XDG_CONFIG_DIRS', '/etc/xdg/xdg-ubuntu:/etc/xdg'), ('XDG_DATA_DIRS', '/usr/share/ubuntu:/usr/local/share/:/usr/share/:/var/lib/snapd/desktop'), ('PYTHONPATH', '/home/admi3ev/Beluga-Firmware-Mod/install/beluga_messages/local/lib/python3.10/dist-packages:/home/admi3ev/Beluga-Firmware-Mod/ROS/install/beluga_messages/local/lib/python3.10/dist-packages:/home/admi3ev/Beluga-2.0/ROS/install/beluga_messages/local/lib/python3.10/dist-packages:/opt/ros/humble/lib/python3.10/site-packages:/opt/ros/humble/local/lib/python3.10/dist-packages'), ('COLCON', '1'), ('VTE_VERSION', '6800'), ('CMAKE_PREFIX_PATH', '/home/admi3ev/Beluga-Firmware-Mod/install/beluga_messages:/home/admi3ev/Beluga-Firmware-Mod/ROS/install/example_beluga_client:/home/admi3ev/Beluga-Firmware-Mod/ROS/install/beluga:/home/admi3ev/Beluga-Firmware-Mod/ROS/install/beluga_messages:/home/admi3ev/Beluga-2.0/ROS/install/example_beluga_client:/home/admi3ev/Beluga-2.0/ROS/install/beluga:/home/admi3ev/Beluga-2.0/ROS/install/beluga_messages:/opt/ros/humble')]), 'shell': False}
[33.650585] (beluga) StdoutLine: {'line': b'-- Install configuration: ""\n'}
[33.651296] (beluga) StdoutLine: {'line': b'-- Installing: /home/admi3ev/Beluga-Firmware-Mod/install/beluga/lib/cmake/daw-header-libraries/daw-header-librariesTargets.cmake\n'}
[33.651469] (beluga) StdoutLine: {'line': b'-- Installing: /home/admi3ev/Beluga-Firmware-Mod/install/beluga/lib/cmake/daw-header-libraries/daw-header-librariesConfig.cmake\n'}
[33.651598] (beluga) StdoutLine: {'line': b'-- Installing: /home/admi3ev/Beluga-Firmware-Mod/install/beluga/lib/cmake/daw-header-libraries/daw-header-librariesConfigVersion.cmake\n'}
[33.651728] (beluga) StdoutLine: {'line': b'-- Installing: /home/admi3ev/Beluga-Firmware-Mod/install/beluga/include/daw\n'}
[33.651940] (beluga) StdoutLine: {'line': b'-- Installing: /home/admi3ev/Beluga-Firmware-Mod/install/beluga/include/daw/daw_bit_stream.h\n'}
[33.652054] (beluga) StdoutLine: {'line': b'-- Installing: /home/admi3ev/Beluga-Firmware-Mod/install/beluga/include/daw/daw_print_ostream.h\n'}
[33.652179] (beluga) StdoutLine: {'line': b'-- Installing: /home/admi3ev/Beluga-Firmware-Mod/install/beluga/include/daw/daw_constant.h\n'}
[33.652291] (beluga) StdoutLine: {'line': b'-- Installing: /home/admi3ev/Beluga-Firmware-Mod/install/beluga/include/daw/daw_unique_array.h\n'}
[33.652389] (beluga) StdoutLine: {'line': b'-- Installing: /home/admi3ev/Beluga-Firmware-Mod/install/beluga/include/daw/daw_expected.h\n'}
[33.652482] (beluga) StdoutLine: {'line': b'-- Installing: /home/admi3ev/Beluga-Firmware-Mod/install/beluga/include/daw/daw_sip_hash.h\n'}
[33.652566] (beluga) StdoutLine: {'line': b'-- Installing: /home/admi3ev/Beluga-Firmware-Mod/install/beluga/include/daw/cpp_17_iterator.h\n'}
[33.652673] (beluga) StdoutLine: {'line': b'-- Installing: /home/admi3ev/Beluga-Firmware-Mod/install/beluga/include/daw/daw_ring_adaptor.h\n'}
[33.652768] (beluga) StdoutLine: {'line': b'-- Installing: /home/admi3ev/Beluga-Firmware-Mod/install/beluga/include/daw/iterator\n'}
[33.652863] (beluga) StdoutLine: {'line': b'-- Installing: /home/admi3ev/Beluga-Firmware-Mod/install/beluga/include/daw/iterator/daw_find_iterator.h\n'}
[33.652955] (beluga) StdoutLine: {'line': b'-- Installing: /home/admi3ev/Beluga-Firmware-Mod/install/beluga/include/daw/iterator/daw_repeat_n_char_iterator.h\n'}
[33.653086] (beluga) StdoutLine: {'line': b'-- Installing: /home/admi3ev/Beluga-Firmware-Mod/install/beluga/include/daw/iterator/daw_integer_iterator.h\n'}
[33.653214] (beluga) StdoutLine: {'line': b'-- Installing: /home/admi3ev/Beluga-Firmware-Mod/install/beluga/include/daw/iterator/daw_arrow_proxy.h\n'}
[33.653332] (beluga) StdoutLine: {'line': b'-- Installing: /home/admi3ev/Beluga-Firmware-Mod/install/beluga/include/daw/iterator/daw_checked_iterator_proxy.h\n'}
[33.653451] (beluga) StdoutLine: {'line': b'-- Installing: /home/admi3ev/Beluga-Firmware-Mod/install/beluga/include/daw/iterator/daw_inserter.h\n'}
[33.653558] (beluga) StdoutLine: {'line': b'-- Installing: /home/admi3ev/Beluga-Firmware-Mod/install/beluga/include/daw/iterator/daw_chunk_iterator.h\n'}
[33.653680] (beluga) StdoutLine: {'line': b'-- Installing: /home/admi3ev/Beluga-Firmware-Mod/install/beluga/include/daw/iterator/daw_function_iterator.h\n'}
[33.653759] (beluga) StdoutLine: {'line': b'-- Installing: /home/admi3ev/Beluga-Firmware-Mod/install/beluga/include/daw/iterator/daw_iterator.h\n'}
[33.653869] (beluga) StdoutLine: {'line': b'-- Installing: /home/admi3ev/Beluga-Firmware-Mod/install/beluga/include/daw/iterator/daw_split_iterator.h\n'}
[33.653946] (beluga) StdoutLine: {'line': b'-- Installing: /home/admi3ev/Beluga-Firmware-Mod/install/beluga/include/daw/iterator/daw_find_one_iterator.h\n'}
[33.654052] (beluga) StdoutLine: {'line': b'-- Installing: /home/admi3ev/Beluga-Firmware-Mod/install/beluga/include/daw/iterator/daw_zipiter.h\n'}
[33.654167] (beluga) StdoutLine: {'line': b'-- Installing: /home/admi3ev/Beluga-Firmware-Mod/install/beluga/include/daw/iterator/daw_output_stream_iterator.h\n'}
[33.654278] (beluga) StdoutLine: {'line': b'-- Installing: /home/admi3ev/Beluga-Firmware-Mod/install/beluga/include/daw/iterator/daw_circular_iterator.h\n'}
[33.654380] (beluga) StdoutLine: {'line': b'-- Installing: /home/admi3ev/Beluga-Firmware-Mod/install/beluga/include/daw/iterator/daw_back_inserter.h\n'}
[33.654480] (beluga) StdoutLine: {'line': b'-- Installing: /home/admi3ev/Beluga-Firmware-Mod/install/beluga/include/daw/iterator/daw_indexed_iterator.h\n'}
[33.654555] (beluga) StdoutLine: {'line': b'-- Installing: /home/admi3ev/Beluga-Firmware-Mod/install/beluga/include/daw/iterator/daw_counting_iterators.h\n'}
[33.654654] (beluga) StdoutLine: {'line': b'-- Installing: /home/admi3ev/Beluga-Firmware-Mod/install/beluga/include/daw/iterator/daw_bit_iterator.h\n'}
[33.654754] (beluga) StdoutLine: {'line': b'-- Installing: /home/admi3ev/Beluga-Firmware-Mod/install/beluga/include/daw/iterator/daw_sorted_insert_iterator.h\n'}
[33.654835] (beluga) StdoutLine: {'line': b'-- Installing: /home/admi3ev/Beluga-Firmware-Mod/install/beluga/include/daw/iterator/daw_argument_iterator.h\n'}
[33.654942] (beluga) StdoutLine: {'line': b'-- Installing: /home/admi3ev/Beluga-Firmware-Mod/install/beluga/include/daw/iterator/daw_random_iterator.h\n'}
[33.655030] (beluga) StdoutLine: {'line': b'-- Installing: /home/admi3ev/Beluga-Firmware-Mod/install/beluga/include/daw/iterator/daw_end_inserter.h\n'}
[33.655138] (beluga) StdoutLine: {'line': b'-- Installing: /home/admi3ev/Beluga-Firmware-Mod/install/beluga/include/daw/iterator/InputIterator.h\n'}
[33.655250] (beluga) StdoutLine: {'line': b'-- Installing: /home/admi3ev/Beluga-Firmware-Mod/install/beluga/include/daw/iterator/daw_iota_iterator.h\n'}
[33.655334] (beluga) StdoutLine: {'line': b'-- Installing: /home/admi3ev/Beluga-Firmware-Mod/install/beluga/include/daw/iterator/daw_reverse_iterator.h\n'}
[33.655437] (beluga) StdoutLine: {'line': b'-- Installing: /home/admi3ev/Beluga-Firmware-Mod/install/beluga/include/daw/iterator/impl\n'}
[33.655549] (beluga) StdoutLine: {'line': b'-- Installing: /home/admi3ev/Beluga-Firmware-Mod/install/beluga/include/daw/iterator/impl/daw_find_iterator_impl.h\n'}
[33.655658] (beluga) StdoutLine: {'line': b'-- Installing: /home/admi3ev/Beluga-Firmware-Mod/install/beluga/include/daw/iterator/daw_pointer_iterator.h\n'}
[33.655733] (beluga) StdoutLine: {'line': b'-- Installing: /home/admi3ev/Beluga-Firmware-Mod/install/beluga/include/daw/daw_safe_pointer.h\n'}
[33.655841] (beluga) StdoutLine: {'line': b'-- Installing: /home/admi3ev/Beluga-Firmware-Mod/install/beluga/include/daw/ciso646.h\n'}
[33.655923] (beluga) StdoutLine: {'line': b'-- Installing: /home/admi3ev/Beluga-Firmware-Mod/install/beluga/include/daw/daw_read_file.h\n'}
[33.656022] (beluga) StdoutLine: {'line': b'-- Installing: /home/admi3ev/Beluga-Firmware-Mod/install/beluga/include/daw/daw_bounded_vector.h\n'}
[33.656133] (beluga) StdoutLine: {'line': b'-- Installing: /home/admi3ev/Beluga-Firmware-Mod/install/beluga/include/daw/daw_tuple_traits.h\n'}
[33.656234] (beluga) StdoutLine: {'line': b'-- Installing: /home/admi3ev/Beluga-Firmware-Mod/install/beluga/include/daw/deprecated\n'}
[33.656333] (beluga) StdoutLine: {'line': b'-- Installing: /home/admi3ev/Beluga-Firmware-Mod/install/beluga/include/daw/deprecated/daw_clumpy_sparsy.h\n'}
[33.656404] (beluga) StdoutLine: {'line': b'-- Installing: /home/admi3ev/Beluga-Firmware-Mod/install/beluga/include/daw/deprecated/daw_bounded_hash_map.h\n'}
[33.656492] (beluga) StdoutLine: {'line': b'-- Installing: /home/admi3ev/Beluga-Firmware-Mod/install/beluga/include/daw/deprecated/daw_range_collection.h\n'}
[33.656592] (beluga) StdoutLine: {'line': b'-- Installing: /home/admi3ev/Beluga-Firmware-Mod/install/beluga/include/daw/deprecated/daw_poly_vector.h\n'}
[33.656691] (beluga) StdoutLine: {'line': b'-- Installing: /home/admi3ev/Beluga-Firmware-Mod/install/beluga/include/daw/deprecated/daw_checked_expected.h\n'}
[33.656791] (beluga) StdoutLine: {'line': b'-- Installing: /home/admi3ev/Beluga-Firmware-Mod/install/beluga/include/daw/deprecated/daw_cstring.h\n'}
[33.656889] (beluga) StdoutLine: {'line': b'-- Installing: /home/admi3ev/Beluga-Firmware-Mod/install/beluga/include/daw/deprecated/daw_heap_value.h\n'}
[33.657008] (beluga) StdoutLine: {'line': b'-- Installing: /home/admi3ev/Beluga-Firmware-Mod/install/beluga/include/daw/deprecated/daw_range.h\n'}
[33.657083] (beluga) StdoutLine: {'line': b'-- Installing: /home/admi3ev/Beluga-Firmware-Mod/install/beluga/include/daw/deprecated/daw_string_view1_fwd.h\n'}
[33.657195] (beluga) StdoutLine: {'line': b'-- Installing: /home/admi3ev/Beluga-Firmware-Mod/install/beluga/include/daw/deprecated/daw_range_reference.h\n'}
[33.657307] (beluga) StdoutLine: {'line': b'-- Installing: /home/admi3ev/Beluga-Firmware-Mod/install/beluga/include/daw/deprecated/daw_string_view1.h\n'}
[33.657409] (beluga) StdoutLine: {'line': b'-- Installing: /home/admi3ev/Beluga-Firmware-Mod/install/beluga/include/daw/deprecated/daw_vector.h\n'}
[33.657515] (beluga) StdoutLine: {'line': b'-- Installing: /home/admi3ev/Beluga-Firmware-Mod/install/beluga/include/daw/deprecated/daw_range_type.h\n'}
[33.657614] (beluga) StdoutLine: {'line': b'-- Installing: /home/admi3ev/Beluga-Firmware-Mod/install/beluga/include/daw/deprecated/daw_ordered_map.h\n'}
[33.657721] (beluga) StdoutLine: {'line': b'-- Installing: /home/admi3ev/Beluga-Firmware-Mod/install/beluga/include/daw/deprecated/daw_common_mixins.h\n'}
[33.657825] (beluga) StdoutLine: {'line': b'-- Installing: /home/admi3ev/Beluga-Firmware-Mod/install/beluga/include/daw/deprecated/daw_range_algorithm.h\n'}
[33.657926] (beluga) StdoutLine: {'line': b'-- Installing: /home/admi3ev/Beluga-Firmware-Mod/install/beluga/include/daw/deprecated/daw_range_operators.h\n'}
[33.658025] (beluga) StdoutLine: {'line': b'-- Installing: /home/admi3ev/Beluga-Firmware-Mod/install/beluga/include/daw/deprecated/daw_newhelper.h\n'}
[33.658121] (beluga) StdoutLine: {'line': b'-- Installing: /home/admi3ev/Beluga-Firmware-Mod/install/beluga/include/daw/deprecated/daw_optional_poly.h\n'}
[33.658234] (beluga) StdoutLine: {'line': b'-- Installing: /home/admi3ev/Beluga-Firmware-Mod/install/beluga/include/daw/deprecated/daw_range_parallel_operators.h\n'}
[33.658346] (beluga) StdoutLine: {'line': b'-- Installing: /home/admi3ev/Beluga-Firmware-Mod/install/beluga/include/daw/deprecated/daw_bounded_hash_set.h\n'}
[33.658467] (beluga) StdoutLine: {'line': b'-- Installing: /home/admi3ev/Beluga-Firmware-Mod/install/beluga/include/daw/deprecated/daw_string_fmt.h\n'}
[33.658571] (beluga) StdoutLine: {'line': b'-- Installing: /home/admi3ev/Beluga-Firmware-Mod/install/beluga/include/daw/deprecated/daw_hash_table.h\n'}
[33.658659] (beluga) StdoutLine: {'line': b'-- Installing: /home/admi3ev/Beluga-Firmware-Mod/install/beluga/include/daw/deprecated/daw_bounded_string.h\n'}
[33.658793] (beluga) StdoutLine: {'line': b'-- Installing: /home/admi3ev/Beluga-Firmware-Mod/install/beluga/include/daw/deprecated/daw_cfile.h\n'}
[33.658893] (beluga) StdoutLine: {'line': b'-- Installing: /home/admi3ev/Beluga-Firmware-Mod/install/beluga/include/daw/deprecated/daw_range_common.h\n'}
[33.658991] (beluga) StdoutLine: {'line': b'-- Installing: /home/admi3ev/Beluga-Firmware-Mod/install/beluga/include/daw/deprecated/daw_carray.h\n'}
[33.659107] (beluga) StdoutLine: {'line': b'-- Installing: /home/admi3ev/Beluga-Firmware-Mod/install/beluga/include/daw/deprecated/daw_string.h\n'}
[33.659216] (beluga) StdoutLine: {'line': b'-- Installing: /home/admi3ev/Beluga-Firmware-Mod/install/beluga/include/daw/deprecated/daw_stack_quick_sort.h\n'}
[33.659319] (beluga) StdoutLine: {'line': b'-- Installing: /home/admi3ev/Beluga-Firmware-Mod/install/beluga/include/daw/deprecated/daw_fixed_lookup.h\n'}
[33.659420] (beluga) StdoutLine: {'line': b'-- Installing: /home/admi3ev/Beluga-Firmware-Mod/install/beluga/include/daw/deprecated/daw_copiable_unique_ptr.h\n'}
[33.659520] (beluga) StdoutLine: {'line': b'-- Installing: /home/admi3ev/Beluga-Firmware-Mod/install/beluga/include/daw/deprecated/daw_safe_string.h\n'}
[33.659622] (beluga) StdoutLine: {'line': b'-- Installing: /home/admi3ev/Beluga-Firmware-Mod/install/beluga/include/daw/deprecated/daw_fixed_array.h\n'}
[33.659720] (beluga) StdoutLine: {'line': b'-- Installing: /home/admi3ev/Beluga-Firmware-Mod/install/beluga/include/daw/deprecated/daw_bounded_graph.h\n'}
[33.659819] (beluga) StdoutLine: {'line': b'-- Installing: /home/admi3ev/Beluga-Firmware-Mod/install/beluga/include/daw/deprecated/not_null.h\n'}
[33.659927] (beluga) StdoutLine: {'line': b'-- Installing: /home/admi3ev/Beluga-Firmware-Mod/install/beluga/include/daw/deprecated/daw_heap_array.h\n'}
[33.660028] (beluga) StdoutLine: {'line': b'-- Installing: /home/admi3ev/Beluga-Firmware-Mod/install/beluga/include/daw/deprecated/daw_string_split_range.h\n'}
[33.660138] (beluga) StdoutLine: {'line': b'-- Installing: /home/admi3ev/Beluga-Firmware-Mod/install/beluga/include/daw/daw_arith_traits.h\n'}
[33.660244] (beluga) StdoutLine: {'line': b'-- Installing: /home/admi3ev/Beluga-Firmware-Mod/install/beluga/include/daw/daw_cpp20_concept.h\n'}
[33.660342] (beluga) StdoutLine: {'line': b'-- Installing: /home/admi3ev/Beluga-Firmware-Mod/install/beluga/include/daw/daw_swap.h\n'}
[33.660439] (beluga) StdoutLine: {'line': b'-- Installing: /home/admi3ev/Beluga-Firmware-Mod/install/beluga/include/daw/daw_construct_a.h\n'}
[33.660543] (beluga) StdoutLine: {'line': b'-- Installing: /home/admi3ev/Beluga-Firmware-Mod/install/beluga/include/daw/daw_keep_n.h\n'}
[33.660650] (beluga) StdoutLine: {'line': b'-- Installing: /home/admi3ev/Beluga-Firmware-Mod/install/beluga/include/daw/daw_is_detected.h\n'}
[33.660736] (beluga) StdoutLine: {'line': b'-- Installing: /home/admi3ev/Beluga-Firmware-Mod/install/beluga/include/daw/daw_concepts.h\n'}
[33.660831] (beluga) StdoutLine: {'line': b'-- Installing: /home/admi3ev/Beluga-Firmware-Mod/install/beluga/include/daw/daw_piecewise_factory.h\n'}
[33.660927] (beluga) StdoutLine: {'line': b'-- Installing: /home/admi3ev/Beluga-Firmware-Mod/install/beluga/include/daw/daw_format_range.h\n'}
[33.661033] (beluga) StdoutLine: {'line': b'-- Installing: /home/admi3ev/Beluga-Firmware-Mod/install/beluga/include/daw/daw_mutable_capture.h\n'}
[33.661141] (beluga) StdoutLine: {'line': b'-- Installing: /home/admi3ev/Beluga-Firmware-Mod/install/beluga/include/daw/daw_tracked_allocator.h\n'}
[33.661249] (beluga) StdoutLine: {'line': b'-- Installing: /home/admi3ev/Beluga-Firmware-Mod/install/beluga/include/daw/daw_value_ptr.h\n'}
[33.661318] (beluga) StdoutLine: {'line': b'-- Installing: /home/admi3ev/Beluga-Firmware-Mod/install/beluga/include/daw/daw_shared_function.h\n'}
[33.661409] (beluga) StdoutLine: {'line': b'-- Installing: /home/admi3ev/Beluga-Firmware-Mod/install/beluga/include/daw/daw_enable_if.h\n'}
[33.661512] (beluga) StdoutLine: {'line': b'-- Installing: /home/admi3ev/Beluga-Firmware-Mod/install/beluga/include/daw/daw_bit_count.h\n'}
[33.661603] (beluga) StdoutLine: {'line': b'-- Installing: /home/admi3ev/Beluga-Firmware-Mod/install/beluga/include/daw/daw_construct_at.h\n'}
[33.661688] (beluga) StdoutLine: {'line': b'-- Installing: /home/admi3ev/Beluga-Firmware-Mod/install/beluga/include/daw/daw_restrict.h\n'}
[33.661787] (beluga) StdoutLine: {'line': b'-- Installing: /home/admi3ev/Beluga-Firmware-Mod/install/beluga/include/daw/vector.h\n'}
[33.661894] (beluga) StdoutLine: {'line': b'-- Installing: /home/admi3ev/Beluga-Firmware-Mod/install/beluga/include/daw/daw_alias_cast.h\n'}
[33.661982] (beluga) StdoutLine: {'line': b'-- Installing: /home/admi3ev/Beluga-Firmware-Mod/install/beluga/include/daw/daw_sbo.h\n'}
[33.662087] (beluga) StdoutLine: {'line': b'-- Installing: /home/admi3ev/Beluga-Firmware-Mod/install/beluga/include/daw/daw_string_concat.h\n'}
[33.662183] (beluga) StdoutLine: {'line': b'-- Installing: /home/admi3ev/Beluga-Firmware-Mod/install/beluga/include/daw/daw_ignored.h\n'}
[33.662283] (beluga) StdoutLine: {'line': b'-- Installing: /home/admi3ev/Beluga-Firmware-Mod/install/beluga/include/daw/daw_tuple2.h\n'}
[33.662378] (beluga) StdoutLine: {'line': b'-- Installing: /home/admi3ev/Beluga-Firmware-Mod/install/beluga/include/daw/daw_dependent_false.h\n'}
[33.662476] (beluga) StdoutLine: {'line': b'-- Installing: /home/admi3ev/Beluga-Firmware-Mod/install/beluga/include/daw/daw_string_view_fwd.h\n'}
[33.662572] (beluga) StdoutLine: {'line': b'-- Installing: /home/admi3ev/Beluga-Firmware-Mod/install/beluga/include/daw/daw_pipelines.h\n'}
[33.662668] (beluga) StdoutLine: {'line': b'-- Installing: /home/admi3ev/Beluga-Firmware-Mod/install/beluga/include/daw/daw_function_traits.h\n'}
[33.662767] (beluga) StdoutLine: {'line': b'-- Installing: /home/admi3ev/Beluga-Firmware-Mod/install/beluga/include/daw/daw_sort_n.h\n'}
[33.662868] (beluga) StdoutLine: {'line': b'-- Installing: /home/admi3ev/Beluga-Firmware-Mod/install/beluga/include/daw/daw_overload.h\n'}
[33.662969] (beluga) StdoutLine: {'line': b'-- Installing: /home/admi3ev/Beluga-Firmware-Mod/install/beluga/include/daw/daw_is_any_of.h\n'}
[33.663068] (beluga) StdoutLine: {'line': b'-- Installing: /home/admi3ev/Beluga-Firmware-Mod/install/beluga/include/daw/daw_optional.h\n'}
[33.663169] (beluga) StdoutLine: {'line': b'-- Installing: /home/admi3ev/Beluga-Firmware-Mod/install/beluga/include/daw/daw_do_n.h\n'}
[33.663271] (beluga) StdoutLine: {'line': b'-- Installing: /home/admi3ev/Beluga-Firmware-Mod/install/beluga/include/daw/daw_function_table.h\n'}
[33.663381] (beluga) StdoutLine: {'line': b'-- Installing: /home/admi3ev/Beluga-Firmware-Mod/install/beluga/include/daw/daw_virtual_base.h\n'}
[33.663481] (beluga) StdoutLine: {'line': b'-- Installing: /home/admi3ev/Beluga-Firmware-Mod/install/beluga/include/daw/daw_undefined.h\n'}
[33.663585] (beluga) StdoutLine: {'line': b'-- Installing: /home/admi3ev/Beluga-Firmware-Mod/install/beluga/include/daw/daw_enable_requires.h\n'}
[33.663686] (beluga) StdoutLine: {'line': b'-- Installing: /home/admi3ev/Beluga-Firmware-Mod/install/beluga/include/daw/daw_heap_value.h\n'}
[33.663795] (beluga) StdoutLine: {'line': b'-- Installing: /home/admi3ev/Beluga-Firmware-Mod/install/beluga/include/daw/daw_tuple.h\n'}
[33.663896] (beluga) StdoutLine: {'line': b'-- Installing: /home/admi3ev/Beluga-Firmware-Mod/install/beluga/include/daw/daw_observer_ptr.h\n'}
[33.663994] (beluga) StdoutLine: {'line': b'-- Installing: /home/admi3ev/Beluga-Firmware-Mod/install/beluga/include/daw/daw_forward_lvalue.h\n'}
[33.664094] (beluga) StdoutLine: {'line': b'-- Installing: /home/admi3ev/Beluga-Firmware-Mod/install/beluga/include/daw/daw_not_null.h\n'}
[33.664205] (beluga) StdoutLine: {'line': b'-- Installing: /home/admi3ev/Beluga-Firmware-Mod/install/beluga/include/daw/daw_rw_ref.h\n'}
[33.664306] (beluga) StdoutLine: {'line': b'-- Installing: /home/admi3ev/Beluga-Firmware-Mod/install/beluga/include/daw/daw_unused.h\n'}
[33.664406] (beluga) StdoutLine: {'line': b'-- Installing: /home/admi3ev/Beluga-Firmware-Mod/install/beluga/include/daw/format.h\n'}
[33.664503] (beluga) StdoutLine: {'line': b'-- Installing: /home/admi3ev/Beluga-Firmware-Mod/install/beluga/include/daw/daw_identity_function.h\n'}
[33.664603] (beluga) StdoutLine: {'line': b'-- Installing: /home/admi3ev/Beluga-Firmware-Mod/install/beluga/include/daw/daw_cpp_feature_check.h\n'}
[33.664698] (beluga) StdoutLine: {'line': b'-- Installing: /home/admi3ev/Beluga-Firmware-Mod/install/beluga/include/daw/daw_exception.h\n'}
[33.664794] (beluga) StdoutLine: {'line': b'-- Installing: /home/admi3ev/Beluga-Firmware-Mod/install/beluga/include/daw/daw_named_params.h\n'}
[33.664879] (beluga) StdoutLine: {'line': b'-- Installing: /home/admi3ev/Beluga-Firmware-Mod/install/beluga/include/daw/daw_bit_cast.h\n'}
[33.664974] (beluga) StdoutLine: {'line': b'-- Installing: /home/admi3ev/Beluga-Firmware-Mod/install/beluga/include/daw/daw_cx_offset_of.h\n'}
[33.665095] (beluga) StdoutLine: {'line': b'-- Installing: /home/admi3ev/Beluga-Firmware-Mod/install/beluga/include/daw/daw_formatters.h\n'}
[33.665201] (beluga) StdoutLine: {'line': b'-- Installing: /home/admi3ev/Beluga-Firmware-Mod/install/beluga/include/daw/daw_container_traits.h\n'}
[33.665298] (beluga) StdoutLine: {'line': b'-- Installing: /home/admi3ev/Beluga-Firmware-Mod/install/beluga/include/daw/daw_contract.h\n'}
[33.665400] (beluga) StdoutLine: {'line': b'-- Installing: /home/admi3ev/Beluga-Firmware-Mod/install/beluga/include/daw/daw_lift.h\n'}
[33.665516] (beluga) StdoutLine: {'line': b'-- Installing: /home/admi3ev/Beluga-Firmware-Mod/install/beluga/include/daw/daw_reference.h\n'}
[33.665617] (beluga) StdoutLine: {'line': b'-- Installing: /home/admi3ev/Beluga-Firmware-Mod/install/beluga/include/daw/algorithms\n'}
[33.665718] (beluga) StdoutLine: {'line': b'-- Installing: /home/admi3ev/Beluga-Firmware-Mod/install/beluga/include/daw/algorithms/daw_algorithm_accumulate.h\n'}
[33.665828] (beluga) StdoutLine: {'line': b'-- Installing: /home/admi3ev/Beluga-Firmware-Mod/install/beluga/include/daw/algorithms/daw_algorithm_adjacent_find.h\n'}
[33.665938] (beluga) StdoutLine: {'line': b'-- Installing: /home/admi3ev/Beluga-Firmware-Mod/install/beluga/include/daw/algorithms/daw_algorithm_partial_sum.h\n'}
[33.666025] (beluga) StdoutLine: {'line': b'-- Installing: /home/admi3ev/Beluga-Firmware-Mod/install/beluga/include/daw/algorithms/daw_enumerate_tuple.h\n'}
[33.666147] (beluga) StdoutLine: {'line': b'-- Installing: /home/admi3ev/Beluga-Firmware-Mod/install/beluga/include/daw/algorithms/daw_algorithm_find_transform.h\n'}
[33.666235] (beluga) StdoutLine: {'line': b'-- Installing: /home/admi3ev/Beluga-Firmware-Mod/install/beluga/include/daw/algorithms/daw_algorithm_find.h\n'}
[33.666340] (beluga) StdoutLine: {'line': b'-- Installing: /home/admi3ev/Beluga-Firmware-Mod/install/beluga/include/daw/algorithms/daw_array_compare.h\n'}
[33.666463] (beluga) StdoutLine: {'line': b'-- Installing: /home/admi3ev/Beluga-Firmware-Mod/install/beluga/include/daw/algorithms/daw_algorithm_copy_n.h\n'}
[33.666609] (beluga) StdoutLine: {'line': b'-- Installing: /home/admi3ev/Beluga-Firmware-Mod/install/beluga/include/daw/algorithms/daw_algorithm_copy.h\n'}
[33.666748] (beluga) StdoutLine: {'line': b'-- Installing: /home/admi3ev/Beluga-Firmware-Mod/install/beluga/include/daw/daw_uint_buffer.h\n'}
[33.666836] (beluga) StdoutLine: {'line': b'-- Installing: /home/admi3ev/Beluga-Firmware-Mod/install/beluga/include/daw/daw_bind_args_at.h\n'}
[33.667106] (beluga) StdoutLine: {'line': b'-- Installing: /home/admi3ev/Beluga-Firmware-Mod/install/beluga/include/daw/daw_move.h\n'}
[33.667309] (beluga) StdoutLine: {'line': b'-- Installing: /home/admi3ev/Beluga-Firmware-Mod/install/beluga/include/daw/daw_maybe_unique_ptr.h\n'}
[33.667478] (beluga) StdoutLine: {'line': b'-- Installing: /home/admi3ev/Beluga-Firmware-Mod/install/beluga/include/daw/daw_atomic_wait.h\n'}
[33.668143] (beluga) StdoutLine: {'line': b'-- Installing: /home/admi3ev/Beluga-Firmware-Mod/install/beluga/include/daw/daw_remove_cvref.h\n'}
[33.668471] (beluga) StdoutLine: {'line': b'-- Installing: /home/admi3ev/Beluga-Firmware-Mod/install/beluga/include/daw/daw_constinit.h\n'}
[33.668715] (beluga) StdoutLine: {'line': b'-- Installing: /home/admi3ev/Beluga-Firmware-Mod/install/beluga/include/daw/daw_fnv1a_hash.h\n'}
[33.668926] (beluga) StdoutLine: {'line': b'-- Installing: /home/admi3ev/Beluga-Firmware-Mod/install/beluga/include/daw/daw_unique_ptr.h\n'}
[33.669322] (beluga) StdoutLine: {'line': b'-- Installing: /home/admi3ev/Beluga-Firmware-Mod/install/beluga/include/daw/daw_iter_view.h\n'}
[33.670184] (beluga) StdoutLine: {'line': b'-- Installing: /home/admi3ev/Beluga-Firmware-Mod/install/beluga/include/daw/daw_typeof.h\n'}
[33.670278] (beluga) StdoutLine: {'line': b'-- Installing: /home/admi3ev/Beluga-Firmware-Mod/install/beluga/include/daw/daw_string_view2.h\n'}
[33.670348] (beluga) StdoutLine: {'line': b'-- Installing: /home/admi3ev/Beluga-Firmware-Mod/install/beluga/include/daw/daw_unreachable.h\n'}
[33.670421] (beluga) StdoutLine: {'line': b'-- Installing: /home/admi3ev/Beluga-Firmware-Mod/install/beluga/include/daw/split_buffer.h\n'}
[33.670494] (beluga) StdoutLine: {'line': b'-- Installing: /home/admi3ev/Beluga-Firmware-Mod/install/beluga/include/daw/daw_parser_addons.h\n'}
[33.670573] (beluga) StdoutLine: {'line': b'-- Installing: /home/admi3ev/Beluga-Firmware-Mod/install/beluga/include/daw/daw_use_default.h\n'}
[33.670758] (beluga) StdoutLine: {'line': b'-- Installing: /home/admi3ev/Beluga-Firmware-Mod/install/beluga/include/daw/daw_function_ref.h\n'}
[33.670858] (beluga) StdoutLine: {'line': b'-- Installing: /home/admi3ev/Beluga-Firmware-Mod/install/beluga/include/daw/daw_bounded_array.h\n'}
[33.671050] (beluga) StdoutLine: {'line': b'-- Installing: /home/admi3ev/Beluga-Firmware-Mod/install/beluga/include/daw/daw_from_string.h\n'}
[33.671374] (beluga) StdoutLine: {'line': b'-- Installing: /home/admi3ev/Beluga-Firmware-Mod/install/beluga/include/daw/daw_endian.h\n'}
[33.671716] (beluga) StdoutLine: {'line': b'-- Installing: /home/admi3ev/Beluga-Firmware-Mod/install/beluga/include/daw/daw_nth_pack_element.h\n'}
[33.671809] (beluga) StdoutLine: {'line': b'-- Installing: /home/admi3ev/Beluga-Firmware-Mod/install/beluga/include/daw/daw_fwd_pack_apply.h\n'}
[33.672254] (beluga) StdoutLine: {'line': b'-- Installing: /home/admi3ev/Beluga-Firmware-Mod/install/beluga/include/daw/daw_span_writer.h\n'}
[33.672512] (beluga) StdoutLine: {'line': b'-- Installing: /home/admi3ev/Beluga-Firmware-Mod/install/beluga/include/daw/daw_traits.h\n'}
[33.672710] (beluga) StdoutLine: {'line': b'-- Installing: /home/admi3ev/Beluga-Firmware-Mod/install/beluga/include/daw/cpp_20.h\n'}
[33.672924] (beluga) StdoutLine: {'line': b'-- Installing: /home/admi3ev/Beluga-Firmware-Mod/install/beluga/include/daw/daw_hash_set.h\n'}
[33.673182] (beluga) StdoutLine: {'line': b'-- Installing: /home/admi3ev/Beluga-Firmware-Mod/install/beluga/include/daw/daw_hide.h\n'}
[33.673266] (beluga) StdoutLine: {'line': b'-- Installing: /home/admi3ev/Beluga-Firmware-Mod/install/beluga/include/daw/daw_string_view_version.h\n'}
[33.673638] (beluga) StdoutLine: {'line': b'-- Installing: /home/admi3ev/Beluga-Firmware-Mod/install/beluga/include/daw/daw_take.h\n'}
[33.673862] (beluga) StdoutLine: {'line': b'-- Installing: /home/admi3ev/Beluga-Firmware-Mod/install/beluga/include/daw/daw_apply.h\n'}
[33.673937] (beluga) StdoutLine: {'line': b'-- Installing: /home/admi3ev/Beluga-Firmware-Mod/install/beluga/include/daw/daw_any_if.h\n'}
[33.674242] (beluga) StdoutLine: {'line': b'-- Installing: /home/admi3ev/Beluga-Firmware-Mod/install/beluga/include/daw/daw_uint_types.h\n'}
[33.674556] (beluga) StdoutLine: {'line': b'-- Installing: /home/admi3ev/Beluga-Firmware-Mod/install/beluga/include/daw/daw_unique_resource.h\n'}
[33.674767] (beluga) StdoutLine: {'line': b'-- Installing: /home/admi3ev/Beluga-Firmware-Mod/install/beluga/include/daw/daw_move_only_base.h\n'}
[33.674960] (beluga) StdoutLine: {'line': b'-- Installing: /home/admi3ev/Beluga-Firmware-Mod/install/beluga/include/daw/daw_generic_hash.h\n'}
[33.675217] (beluga) StdoutLine: {'line': b'-- Installing: /home/admi3ev/Beluga-Firmware-Mod/install/beluga/include/daw/daw_validated.h\n'}
[33.675457] (beluga) StdoutLine: {'line': b'-- Installing: /home/admi3ev/Beluga-Firmware-Mod/install/beluga/include/daw/daw_math.h\n'}
[33.675661] (beluga) StdoutLine: {'line': b'-- Installing: /home/admi3ev/Beluga-Firmware-Mod/install/beluga/include/daw/daw_poly_value.h\n'}
[33.675874] (beluga) StdoutLine: {'line': b'-- Installing: /home/admi3ev/Beluga-Firmware-Mod/install/beluga/include/daw/daw_bit_cast_util.h\n'}
[33.676104] (beluga) StdoutLine: {'line': b'-- Installing: /home/admi3ev/Beluga-Firmware-Mod/install/beluga/include/daw/daw_compiler_fixups.h\n'}
[33.676394] (beluga) StdoutLine: {'line': b'-- Installing: /home/admi3ev/Beluga-Firmware-Mod/install/beluga/include/daw/daw_parser_helper_sv.h\n'}
[33.676559] (beluga) StdoutLine: {'line': b'-- Installing: /home/admi3ev/Beluga-Firmware-Mod/install/beluga/include/daw/daw_do_not_optimize.h\n'}
[33.676780] (beluga) StdoutLine: {'line': b'-- Installing: /home/admi3ev/Beluga-Firmware-Mod/install/beluga/include/daw/daw_character_traits.h\n'}
[33.677017] (beluga) StdoutLine: {'line': b'-- Installing: /home/admi3ev/Beluga-Firmware-Mod/install/beluga/include/daw/daw_exchange.h\n'}
[33.677243] (beluga) StdoutLine: {'line': b'-- Installing: /home/admi3ev/Beluga-Firmware-Mod/install/beluga/include/daw/daw_natural.h\n'}
[33.677483] (beluga) StdoutLine: {'line': b'-- Installing: /home/admi3ev/Beluga-Firmware-Mod/install/beluga/include/daw/daw_int_cmp.h\n'}
[33.677676] (beluga) StdoutLine: {'line': b'-- Installing: /home/admi3ev/Beluga-Firmware-Mod/install/beluga/include/daw/daw_parser_helper.h\n'}
[33.677893] (beluga) StdoutLine: {'line': b'-- Installing: /home/admi3ev/Beluga-Firmware-Mod/install/beluga/include/daw/daw_utility.h\n'}
[33.678097] (beluga) StdoutLine: {'line': b'-- Installing: /home/admi3ev/Beluga-Firmware-Mod/install/beluga/include/daw/daw_logic.h\n'}
[33.678366] (beluga) StdoutLine: {'line': b'-- Installing: /home/admi3ev/Beluga-Firmware-Mod/install/beluga/include/daw/daw_graph_algorithm.h\n'}
[33.678593] (beluga) StdoutLine: {'line': b'-- Installing: /home/admi3ev/Beluga-Firmware-Mod/install/beluga/include/daw/daw_visit.h\n'}
[33.678774] (beluga) StdoutLine: {'line': b'-- Installing: /home/admi3ev/Beluga-Firmware-Mod/install/beluga/include/daw/daw_container_help.h\n'}
[33.679117] (beluga) StdoutLine: {'line': b'-- Installing: /home/admi3ev/Beluga-Firmware-Mod/install/beluga/include/daw/daw_integer_reverse.h\n'}
[33.679307] (beluga) StdoutLine: {'line': b'-- Installing: /home/admi3ev/Beluga-Firmware-Mod/install/beluga/include/daw/daw_scope_guard.h\n'}
[33.679560] (beluga) StdoutLine: {'line': b'-- Installing: /home/admi3ev/Beluga-Firmware-Mod/install/beluga/include/daw/daw_operators.h\n'}
[33.679849] (beluga) StdoutLine: {'line': b'-- Installing: /home/admi3ev/Beluga-Firmware-Mod/install/beluga/include/daw/daw_bit_queues.h\n'}
[33.679967] (beluga) StdoutLine: {'line': b'-- Installing: /home/admi3ev/Beluga-Firmware-Mod/install/beluga/include/daw/daw_cx_atomic.h\n'}
[33.680571] (beluga) StdoutLine: {'line': b'-- Installing: /home/admi3ev/Beluga-Firmware-Mod/install/beluga/include/daw/daw_metro_hash.h\n'}
[33.680661] (beluga) StdoutLine: {'line': b'-- Installing: /home/admi3ev/Beluga-Firmware-Mod/install/beluga/include/daw/daw_graph.h\n'}
[33.680739] (beluga) StdoutLine: {'line': b'-- Installing: /home/admi3ev/Beluga-Firmware-Mod/install/beluga/include/daw/daw_uint_buffer_ios.h\n'}
[33.680816] (beluga) StdoutLine: {'line': b'-- Installing: /home/admi3ev/Beluga-Firmware-Mod/install/beluga/include/daw/daw_format_tuple.h\n'}
[33.680959] (beluga) StdoutLine: {'line': b'-- Installing: /home/admi3ev/Beluga-Firmware-Mod/install/beluga/include/daw/daw_data_end.h\n'}
[33.681205] (beluga) StdoutLine: {'line': b'-- Installing: /home/admi3ev/Beluga-Firmware-Mod/install/beluga/include/daw/daw_likely.h\n'}
[33.681287] (beluga) StdoutLine: {'line': b'-- Installing: /home/admi3ev/Beluga-Firmware-Mod/install/beluga/include/daw/daw_move_only.h\n'}
[33.681535] (beluga) StdoutLine: {'line': b'-- Installing: /home/admi3ev/Beluga-Firmware-Mod/install/beluga/include/daw/daw_empty.h\n'}
[33.681780] (beluga) StdoutLine: {'line': b'-- Installing: /home/admi3ev/Beluga-Firmware-Mod/install/beluga/include/daw/daw_parse_args.h\n'}
[33.682056] (beluga) StdoutLine: {'line': b'-- Installing: /home/admi3ev/Beluga-Firmware-Mod/install/beluga/include/daw/daw_ordering_to_integer.h\n'}
[33.682317] (beluga) StdoutLine: {'line': b'-- Installing: /home/admi3ev/Beluga-Firmware-Mod/install/beluga/include/daw/daw_forward_like.h\n'}
[33.682563] (beluga) StdoutLine: {'line': b'-- Installing: /home/admi3ev/Beluga-Firmware-Mod/install/beluga/include/daw/daw_visit_as.h\n'}
[33.682746] (beluga) StdoutLine: {'line': b'-- Installing: /home/admi3ev/Beluga-Firmware-Mod/install/beluga/include/daw/daw_variant_cast.h\n'}
[33.682886] (beluga) StdoutLine: {'line': b'-- Installing: /home/admi3ev/Beluga-Firmware-Mod/install/beluga/include/daw/daw_function.h\n'}
[33.683098] (beluga) StdoutLine: {'line': b'-- Installing: /home/admi3ev/Beluga-Firmware-Mod/install/beluga/include/daw/vector_algorithm.h\n'}
[33.683345] (beluga) StdoutLine: {'line': b'-- Installing: /home/admi3ev/Beluga-Firmware-Mod/install/beluga/include/daw/daw_ref_counted_pointer.h\n'}
[33.683600] (beluga) StdoutLine: {'line': b'-- Installing: /home/admi3ev/Beluga-Firmware-Mod/install/beluga/include/daw/daw_poly_var.h\n'}
[33.683799] (beluga) StdoutLine: {'line': b'-- Installing: /home/admi3ev/Beluga-Firmware-Mod/install/beluga/include/daw/traits\n'}
[33.683986] (beluga) StdoutLine: {'line': b'-- Installing: /home/admi3ev/Beluga-Firmware-Mod/install/beluga/include/daw/traits/daw_traits_is_a_type.h\n'}
[33.686222] (beluga) StdoutLine: {'line': b'-- Installing: /home/admi3ev/Beluga-Firmware-Mod/install/beluga/include/daw/traits/daw_traits_is_ostream_like.h\n'}
[33.686330] (beluga) StdoutLine: {'line': b'-- Installing: /home/admi3ev/Beluga-Firmware-Mod/install/beluga/include/daw/traits/daw_traits_remove_cvref.h\n'}
[33.686399] (beluga) StdoutLine: {'line': b'-- Installing: /home/admi3ev/Beluga-Firmware-Mod/install/beluga/include/daw/traits/daw_traits_is_rvalue_reference.h\n'}
[33.686464] (beluga) StdoutLine: {'line': b'-- Installing: /home/admi3ev/Beluga-Firmware-Mod/install/beluga/include/daw/traits/daw_traits_conditional.h\n'}
[33.686530] (beluga) StdoutLine: {'line': b'-- Installing: /home/admi3ev/Beluga-Firmware-Mod/install/beluga/include/daw/traits/daw_remove_array_ref.h\n'}
[33.686595] (beluga) StdoutLine: {'line': b'-- Installing: /home/admi3ev/Beluga-Firmware-Mod/install/beluga/include/daw/traits/daw_traits_first_type.h\n'}
[33.686668] (beluga) StdoutLine: {'line': b'-- Installing: /home/admi3ev/Beluga-Firmware-Mod/install/beluga/include/daw/traits/daw_copy_cvref_t.h\n'}
[33.686730] (beluga) StdoutLine: {'line': b'-- Installing: /home/admi3ev/Beluga-Firmware-Mod/install/beluga/include/daw/traits/daw_traits_integer_type.h\n'}
[33.686792] (beluga) StdoutLine: {'line': b'-- Installing: /home/admi3ev/Beluga-Firmware-Mod/install/beluga/include/daw/traits/daw_traits_pack_list.h\n'}
[33.686854] (beluga) StdoutLine: {'line': b'-- Installing: /home/admi3ev/Beluga-Firmware-Mod/install/beluga/include/daw/traits/daw_traits_is_one_of.h\n'}
[33.686916] (beluga) StdoutLine: {'line': b'-- Installing: /home/admi3ev/Beluga-Firmware-Mod/install/beluga/include/daw/traits/daw_traits_nth_element.h\n'}
[33.686978] (beluga) StdoutLine: {'line': b'-- Installing: /home/admi3ev/Beluga-Firmware-Mod/install/beluga/include/daw/traits/daw_traits_identity.h\n'}
[33.687041] (beluga) StdoutLine: {'line': b'-- Installing: /home/admi3ev/Beluga-Firmware-Mod/install/beluga/include/daw/traits/daw_formatter.h\n'}
[33.687118] (beluga) StdoutLine: {'line': b'-- Installing: /home/admi3ev/Beluga-Firmware-Mod/install/beluga/include/daw/traits/daw_traits_is_same.h\n'}
[33.687284] (beluga) StdoutLine: {'line': b'-- Installing: /home/admi3ev/Beluga-Firmware-Mod/install/beluga/include/daw/traits/daw_traits_is_const.h\n'}
[33.687361] (beluga) StdoutLine: {'line': b'-- Installing: /home/admi3ev/Beluga-Firmware-Mod/install/beluga/include/daw/traits/daw_traits_concepts.h\n'}
[33.687428] (beluga) StdoutLine: {'line': b'-- Installing: /home/admi3ev/Beluga-Firmware-Mod/install/beluga/include/daw/cpp_17.h\n'}
[33.687492] (beluga) StdoutLine: {'line': b'-- Installing: /home/admi3ev/Beluga-Firmware-Mod/install/beluga/include/daw/daw_aligned_storage.h\n'}
[33.687555] (beluga) StdoutLine: {'line': b'-- Installing: /home/admi3ev/Beluga-Firmware-Mod/install/beluga/include/daw/daw_span.h\n'}
[33.687618] (beluga) StdoutLine: {'line': b'-- Installing: /home/admi3ev/Beluga-Firmware-Mod/install/beluga/include/daw/daw_allow_once.h\n'}
[33.687680] (beluga) StdoutLine: {'line': b'-- Installing: /home/admi3ev/Beluga-Firmware-Mod/install/beluga/include/daw/daw_prop_const_ptr.h\n'}
[33.687742] (beluga) StdoutLine: {'line': b'-- Installing: /home/admi3ev/Beluga-Firmware-Mod/install/beluga/include/daw/wrap_iter.h\n'}
[33.687804] (beluga) StdoutLine: {'line': b'-- Installing: /home/admi3ev/Beluga-Firmware-Mod/install/beluga/include/daw/daw_view.h\n'}
[33.687867] (beluga) StdoutLine: {'line': b'-- Installing: /home/admi3ev/Beluga-Firmware-Mod/install/beluga/include/daw/daw_array.h\n'}
[33.687944] (beluga) StdoutLine: {'line': b'-- Installing: /home/admi3ev/Beluga-Firmware-Mod/install/beluga/include/daw/stdinc\n'}
[33.688007] (beluga) StdoutLine: {'line': b'-- Installing: /home/admi3ev/Beluga-Firmware-Mod/install/beluga/include/daw/stdinc/iterator_traits.h\n'}
[33.688069] (beluga) StdoutLine: {'line': b'-- Installing: /home/admi3ev/Beluga-Firmware-Mod/install/beluga/include/daw/stdinc/compare_fn.h\n'}
[33.688342] (beluga) StdoutLine: {'line': b'-- Installing: /home/admi3ev/Beluga-Firmware-Mod/install/beluga/include/daw/stdinc/reverse_iterator.h\n'}
[33.688422] (beluga) StdoutLine: {'line': b'-- Installing: /home/admi3ev/Beluga-Firmware-Mod/install/beluga/include/daw/stdinc/hash.h\n'}
[33.688497] (beluga) StdoutLine: {'line': b'-- Installing: /home/admi3ev/Beluga-Firmware-Mod/install/beluga/include/daw/stdinc/integer_sequence.h\n'}
[33.688565] (beluga) StdoutLine: {'line': b'-- Installing: /home/admi3ev/Beluga-Firmware-Mod/install/beluga/include/daw/stdinc/declval.h\n'}
[33.688633] (beluga) StdoutLine: {'line': b'-- Installing: /home/admi3ev/Beluga-Firmware-Mod/install/beluga/include/daw/stdinc/move_fwd_exch.h\n'}
[33.688699] (beluga) StdoutLine: {'line': b'-- Installing: /home/admi3ev/Beluga-Firmware-Mod/install/beluga/include/daw/stdinc/readme.md\n'}
[33.688766] (beluga) StdoutLine: {'line': b'-- Installing: /home/admi3ev/Beluga-Firmware-Mod/install/beluga/include/daw/stdinc/reference_wrapper.h\n'}
[33.688838] (beluga) StdoutLine: {'line': b'-- Installing: /home/admi3ev/Beluga-Firmware-Mod/install/beluga/include/daw/stdinc/integral_constant.h\n'}
[33.688903] (beluga) StdoutLine: {'line': b'-- Installing: /home/admi3ev/Beluga-Firmware-Mod/install/beluga/include/daw/stdinc/is_convertible.h\n'}
[33.688967] (beluga) StdoutLine: {'line': b'-- Installing: /home/admi3ev/Beluga-Firmware-Mod/install/beluga/include/daw/stdinc/enable_if.h\n'}
[33.689031] (beluga) StdoutLine: {'line': b'-- Installing: /home/admi3ev/Beluga-Firmware-Mod/install/beluga/include/daw/stdinc/in_place.h\n'}
[33.689109] (beluga) StdoutLine: {'line': b'-- Installing: /home/admi3ev/Beluga-Firmware-Mod/install/beluga/include/daw/stdinc/min_and_max.h\n'}
[33.689184] (beluga) StdoutLine: {'line': b'-- Installing: /home/admi3ev/Beluga-Firmware-Mod/install/beluga/include/daw/stdinc/data_access.h\n'}
[33.689251] (beluga) StdoutLine: {'line': b'-- Installing: /home/admi3ev/Beluga-Firmware-Mod/install/beluga/include/daw/stdinc/tuple_traits.h\n'}
[33.689318] (beluga) StdoutLine: {'line': b'-- Installing: /home/admi3ev/Beluga-Firmware-Mod/install/beluga/include/daw/stdinc/range_access.h\n'}
[33.691578] (beluga) StdoutLine: {'line': b'-- Installing: /home/admi3ev/Beluga-Firmware-Mod/install/beluga/include/daw/stdinc/void_t.h\n'}
[33.691718] (beluga) StdoutLine: {'line': b'-- Installing: /home/admi3ev/Beluga-Firmware-Mod/install/beluga/include/daw/stdinc/remove_cvref.h\n'}
[33.691832] (beluga) StdoutLine: {'line': b'-- Installing: /home/admi3ev/Beluga-Firmware-Mod/install/beluga/include/daw/daw_algorithm.h\n'}
[33.692163] (beluga) StdoutLine: {'line': b'-- Installing: /home/admi3ev/Beluga-Firmware-Mod/install/beluga/include/daw/daw_benchmark.h\n'}
[33.692244] (beluga) StdoutLine: {'line': b'-- Installing: /home/admi3ev/Beluga-Firmware-Mod/install/beluga/include/daw/daw_print.h\n'}
[33.692316] (beluga) StdoutLine: {'line': b'-- Installing: /home/admi3ev/Beluga-Firmware-Mod/install/beluga/include/daw/daw_parse_to.h\n'}
[33.692385] (beluga) StdoutLine: {'line': b'-- Installing: /home/admi3ev/Beluga-Firmware-Mod/install/beluga/include/daw/daw_memory_mapped_file.h\n'}
[33.692454] (beluga) StdoutLine: {'line': b'-- Installing: /home/admi3ev/Beluga-Firmware-Mod/install/beluga/include/daw/daw_uninitialized_storage.h\n'}
[33.692523] (beluga) StdoutLine: {'line': b'-- Installing: /home/admi3ev/Beluga-Firmware-Mod/install/beluga/include/daw/daw_pack_element.h\n'}
[33.692592] (beluga) StdoutLine: {'line': b'-- Installing: /home/admi3ev/Beluga-Firmware-Mod/install/beluga/include/daw/daw_read_only.h\n'}
[33.692662] (beluga) StdoutLine: {'line': b'-- Installing: /home/admi3ev/Beluga-Firmware-Mod/install/beluga/include/daw/daw_random.h\n'}
[33.692730] (beluga) StdoutLine: {'line': b'-- Installing: /home/admi3ev/Beluga-Firmware-Mod/install/beluga/include/daw/daw_cxmath.h\n'}
[33.692797] (beluga) StdoutLine: {'line': b'-- Installing: /home/admi3ev/Beluga-Firmware-Mod/install/beluga/include/daw/daw_min_perfect_hash.h\n'}
[33.692866] (beluga) StdoutLine: {'line': b'-- Installing: /home/admi3ev/Beluga-Firmware-Mod/install/beluga/include/daw/daw_size_literals.h\n'}
[33.692934] (beluga) StdoutLine: {'line': b'-- Installing: /home/admi3ev/Beluga-Firmware-Mod/install/beluga/include/daw/daw_container_algorithm.h\n'}
[33.693006] (beluga) StdoutLine: {'line': b'-- Installing: /home/admi3ev/Beluga-Firmware-Mod/install/beluga/include/daw/daw_stack_function.h\n'}
[33.693072] (beluga) StdoutLine: {'line': b'-- Installing: /home/admi3ev/Beluga-Firmware-Mod/install/beluga/include/daw/daw_string_view.h\n'}
[33.693157] (beluga) StdoutLine: {'line': b'-- Installing: /home/admi3ev/Beluga-Firmware-Mod/install/beluga/include/daw/daw_deduced_type.h\n'}
[33.693226] (beluga) StdoutLine: {'line': b'-- Installing: /home/admi3ev/Beluga-Firmware-Mod/install/beluga/include/daw/daw_attributes.h\n'}
[33.693294] (beluga) StdoutLine: {'line': b'-- Installing: /home/admi3ev/Beluga-Firmware-Mod/install/beluga/include/daw/daw_bitset.h\n'}
[33.693361] (beluga) StdoutLine: {'line': b'-- Installing: /home/admi3ev/Beluga-Firmware-Mod/install/beluga/include/daw/daw_to_underlying_type.h\n'}
[33.693437] (beluga) StdoutLine: {'line': b'-- Installing: /home/admi3ev/Beluga-Firmware-Mod/install/beluga/include/daw/daw_static_bitset.h\n'}
[33.693503] (beluga) StdoutLine: {'line': b'-- Installing: /home/admi3ev/Beluga-Firmware-Mod/install/beluga/include/daw/daw_consteval.h\n'}
[33.693569] (beluga) StdoutLine: {'line': b'-- Installing: /home/admi3ev/Beluga-Firmware-Mod/install/beluga/include/daw/daw_ensure.h\n'}
[33.693636] (beluga) StdoutLine: {'line': b'-- Installing: /home/admi3ev/Beluga-Firmware-Mod/install/beluga/include/daw/daw_can_constant_evaluate.h\n'}
[33.693717] (beluga) StdoutLine: {'line': b'-- Installing: /home/admi3ev/Beluga-Firmware-Mod/install/beluga/include/daw/daw_simple_array.h\n'}
[33.693786] (beluga) StdoutLine: {'line': b'-- Installing: /home/admi3ev/Beluga-Firmware-Mod/install/beluga/include/daw/daw_contiguous_view.h\n'}
[33.693851] (beluga) StdoutLine: {'line': b'-- Installing: /home/admi3ev/Beluga-Firmware-Mod/install/beluga/include/daw/daw_describe.h\n'}
[33.693918] (beluga) StdoutLine: {'line': b'-- Installing: /home/admi3ev/Beluga-Firmware-Mod/install/beluga/include/daw/daw_is_constant_evaluated.h\n'}
[33.693987] (beluga) StdoutLine: {'line': b'-- Installing: /home/admi3ev/Beluga-Firmware-Mod/install/beluga/include/daw/daw_always_false.h\n'}
[33.694055] (beluga) StdoutLine: {'line': b'-- Installing: /home/admi3ev/Beluga-Firmware-Mod/install/beluga/include/daw/daw_zipcontainer.h\n'}
[33.694139] (beluga) StdoutLine: {'line': b'-- Installing: /home/admi3ev/Beluga-Firmware-Mod/install/beluga/include/daw/static_hash_table.h\n'}
[33.694208] (beluga) StdoutLine: {'line': b'-- Installing: /home/admi3ev/Beluga-Firmware-Mod/install/beluga/include/daw/daw_countable_resource.h\n'}
[33.694273] (beluga) StdoutLine: {'line': b'-- Installing: /home/admi3ev/Beluga-Firmware-Mod/install/beluga/include/daw/daw_iterator_traits.h\n'}
[33.694338] (beluga) StdoutLine: {'line': b'-- Installing: /home/admi3ev/Beluga-Firmware-Mod/install/beluga/include/daw/daw_bind_front.h\n'}
[33.694405] (beluga) StdoutLine: {'line': b'-- Installing: /home/admi3ev/Beluga-Firmware-Mod/install/beluga/include/daw/daw_monadic_pointer_ops.h\n'}
[33.694471] (beluga) StdoutLine: {'line': b'-- Installing: /home/admi3ev/Beluga-Firmware-Mod/install/beluga/include/daw/daw_tuple_helper.h\n'}
[33.694537] (beluga) StdoutLine: {'line': b'-- Installing: /home/admi3ev/Beluga-Firmware-Mod/install/beluga/include/daw/daw_tuple_forward.h\n'}
[33.694604] (beluga) StdoutLine: {'line': b'-- Installing: /home/admi3ev/Beluga-Firmware-Mod/install/beluga/include/daw/daw_callable.h\n'}
[33.694671] (beluga) StdoutLine: {'line': b'-- Installing: /home/admi3ev/Beluga-Firmware-Mod/install/beluga/include/daw/daw_ascii.h\n'}
[33.694738] (beluga) StdoutLine: {'line': b'-- Installing: /home/admi3ev/Beluga-Firmware-Mod/install/beluga/include/daw/daw_bit.h\n'}
[33.694804] (beluga) StdoutLine: {'line': b'-- Installing: /home/admi3ev/Beluga-Firmware-Mod/install/beluga/include/daw/pipelines\n'}
[33.694872] (beluga) StdoutLine: {'line': b'-- Installing: /home/admi3ev/Beluga-Firmware-Mod/install/beluga/include/daw/pipelines/slide.h\n'}
[33.694939] (beluga) StdoutLine: {'line': b'-- Installing: /home/admi3ev/Beluga-Firmware-Mod/install/beluga/include/daw/pipelines/pipeline.h\n'}
[33.695007] (beluga) StdoutLine: {'line': b'-- Installing: /home/admi3ev/Beluga-Firmware-Mod/install/beluga/include/daw/pipelines/range_base.h\n'}
[33.695116] (beluga) StdoutLine: {'line': b'-- Installing: /home/admi3ev/Beluga-Firmware-Mod/install/beluga/include/daw/pipelines/flatten.h\n'}
[33.695391] (beluga) StdoutLine: {'line': b'-- Installing: /home/admi3ev/Beluga-Firmware-Mod/install/beluga/include/daw/pipelines/iota.h\n'}
[33.695509] (beluga) StdoutLine: {'line': b'-- Installing: /home/admi3ev/Beluga-Firmware-Mod/install/beluga/include/daw/pipelines/find.h\n'}
[33.695616] (beluga) StdoutLine: {'line': b'-- Installing: /home/admi3ev/Beluga-Firmware-Mod/install/beluga/include/daw/pipelines/zip.h\n'}
[33.695721] (beluga) StdoutLine: {'line': b'-- Installing: /home/admi3ev/Beluga-Firmware-Mod/install/beluga/include/daw/pipelines/every.h\n'}
[33.695839] (beluga) StdoutLine: {'line': b'-- Installing: /home/admi3ev/Beluga-Firmware-Mod/install/beluga/include/daw/pipelines/sized_iterator.h\n'}
[33.695945] (beluga) StdoutLine: {'line': b'-- Installing: /home/admi3ev/Beluga-Firmware-Mod/install/beluga/include/daw/pipelines/generate.h\n'}
[33.696049] (beluga) StdoutLine: {'line': b'-- Installing: /home/admi3ev/Beluga-Firmware-Mod/install/beluga/include/daw/pipelines/print.h\n'}
[33.696179] (beluga) StdoutLine: {'line': b'-- Installing: /home/admi3ev/Beluga-Firmware-Mod/install/beluga/include/daw/pipelines/algorithm.h\n'}
[33.696291] (beluga) StdoutLine: {'line': b'-- Installing: /home/admi3ev/Beluga-Firmware-Mod/install/beluga/include/daw/pipelines/concat.h\n'}
[33.696399] (beluga) StdoutLine: {'line': b'-- Installing: /home/admi3ev/Beluga-Firmware-Mod/install/beluga/include/daw/pipelines/sample.h\n'}
[33.696503] (beluga) StdoutLine: {'line': b'-- Installing: /home/admi3ev/Beluga-Firmware-Mod/install/beluga/include/daw/pipelines/take.h\n'}
[33.696714] (-) TimerEvent: {}
[33.696992] (beluga) StdoutLine: {'line': b'-- Installing: /home/admi3ev/Beluga-Firmware-Mod/install/beluga/include/daw/pipelines/unique.h\n'}
[33.697089] (beluga) StdoutLine: {'line': b'-- Installing: /home/admi3ev/Beluga-Firmware-Mod/install/beluga/include/daw/pipelines/reverse.h\n'}
[33.697168] (beluga) StdoutLine: {'line': b'-- Installing: /home/admi3ev/Beluga-Firmware-Mod/install/beluga/include/daw/pipelines/drop.h\n'}
[33.697238] (beluga) StdoutLine: {'line': b'-- Installing: /home/admi3ev/Beluga-Firmware-Mod/install/beluga/include/daw/pipelines/pipeline_traits.h\n'}
[33.697305] (beluga) StdoutLine: {'line': b'-- Installing: /home/admi3ev/Beluga-Firmware-Mod/install/beluga/include/daw/pipelines/chunk.h\n'}
[33.697368] (beluga) StdoutLine: {'line': b'-- Installing: /home/admi3ev/Beluga-Firmware-Mod/install/beluga/include/daw/pipelines/first.h\n'}
[33.697431] (beluga) StdoutLine: {'line': b'-- Installing: /home/admi3ev/Beluga-Firmware-Mod/install/beluga/include/daw/pipelines/maybe.h\n'}
[33.697501] (beluga) StdoutLine: {'line': b'-- Installing: /home/admi3ev/Beluga-Firmware-Mod/install/beluga/include/daw/pipelines/split.h\n'}
[33.697565] (beluga) StdoutLine: {'line': b'-- Installing: /home/admi3ev/Beluga-Firmware-Mod/install/beluga/include/daw/pipelines/enumerate.h\n'}
[33.697627] (beluga) StdoutLine: {'line': b'-- Installing: /home/admi3ev/Beluga-Firmware-Mod/install/beluga/include/daw/pipelines/numeric.h\n'}
[33.697688] (beluga) StdoutLine: {'line': b'-- Installing: /home/admi3ev/Beluga-Firmware-Mod/install/beluga/include/daw/pipelines/copy.h\n'}
[33.697758] (beluga) StdoutLine: {'line': b'-- Installing: /home/admi3ev/Beluga-Firmware-Mod/install/beluga/include/daw/pipelines/elements.h\n'}
[33.697820] (beluga) StdoutLine: {'line': b'-- Installing: /home/admi3ev/Beluga-Firmware-Mod/install/beluga/include/daw/pipelines/filter.h\n'}
[33.697881] (beluga) StdoutLine: {'line': b'-- Installing: /home/admi3ev/Beluga-Firmware-Mod/install/beluga/include/daw/pipelines/swizzle.h\n'}
[33.697943] (beluga) StdoutLine: {'line': b'-- Installing: /home/admi3ev/Beluga-Firmware-Mod/install/beluga/include/daw/pipelines/range.h\n'}
[33.698004] (beluga) StdoutLine: {'line': b'-- Installing: /home/admi3ev/Beluga-Firmware-Mod/install/beluga/include/daw/pipelines/skip.h\n'}
[33.698065] (beluga) StdoutLine: {'line': b'-- Installing: /home/admi3ev/Beluga-Firmware-Mod/install/beluga/include/daw/pipelines/map.h\n'}
[33.698544] (beluga) StdoutLine: {'line': b'-- Installing: /home/admi3ev/Beluga-Firmware-Mod/install/beluga/include/daw/pipelines/cache_last_view.h\n'}
[33.701292] (beluga) StdoutLine: {'line': b'-- Installing: /home/admi3ev/Beluga-Firmware-Mod/install/beluga/include/daw/pipelines/foreach.h\n'}
[33.701450] (beluga) StdoutLine: {'line': b'-- Installing: /home/admi3ev/Beluga-Firmware-Mod/install/beluga/include/daw/pipelines/predicates.h\n'}
[33.701534] (beluga) StdoutLine: {'line': b'-- Installing: /home/admi3ev/Beluga-Firmware-Mod/install/beluga/include/daw/pipelines/to.h\n'}
[33.701619] (beluga) StdoutLine: {'line': b'-- Installing: /home/admi3ev/Beluga-Firmware-Mod/install/beluga/include/daw/daw_check_exceptions.h\n'}
[33.701684] (beluga) StdoutLine: {'line': b'-- Installing: /home/admi3ev/Beluga-Firmware-Mod/install/beluga/include/daw/daw_union_pair.h\n'}
[33.701749] (beluga) StdoutLine: {'line': b'-- Installing: /home/admi3ev/Beluga-Firmware-Mod/install/beluga/include/daw/daw_algorithm_cx.h\n'}
[33.701818] (beluga) StdoutLine: {'line': b'-- Installing: /home/admi3ev/Beluga-Firmware-Mod/install/beluga/include/daw/impl\n'}
[33.701889] (beluga) StdoutLine: {'line': b'-- Installing: /home/admi3ev/Beluga-Firmware-Mod/install/beluga/include/daw/impl/daw_container_help_vector.h\n'}
[33.701958] (beluga) StdoutLine: {'line': b'-- Installing: /home/admi3ev/Beluga-Firmware-Mod/install/beluga/include/daw/impl/daw_msvc_int128.h\n'}
[33.702026] (beluga) StdoutLine: {'line': b'-- Installing: /home/admi3ev/Beluga-Firmware-Mod/install/beluga/include/daw/impl/daw_container_help_string.h\n'}
[33.702124] (beluga) StdoutLine: {'line': b'-- Installing: /home/admi3ev/Beluga-Firmware-Mod/install/beluga/include/daw/impl/daw_view_tags.h\n'}
[33.702211] (beluga) StdoutLine: {'line': b'-- Installing: /home/admi3ev/Beluga-Firmware-Mod/install/beluga/include/daw/impl/formatter_common.h\n'}
[33.702288] (beluga) StdoutLine: {'line': b'-- Installing: /home/admi3ev/Beluga-Firmware-Mod/install/beluga/include/daw/impl/daw_math_impl.h\n'}
[33.702362] (beluga) StdoutLine: {'line': b'-- Installing: /home/admi3ev/Beluga-Firmware-Mod/install/beluga/include/daw/impl/daw_numeric_limits.h\n'}
[33.702439] (beluga) StdoutLine: {'line': b'-- Installing: /home/admi3ev/Beluga-Firmware-Mod/install/beluga/include/daw/impl/daw_container_help_ins_ext.h\n'}
[33.702517] (beluga) StdoutLine: {'line': b'-- Installing: /home/admi3ev/Beluga-Firmware-Mod/install/beluga/include/daw/impl/daw_container_help_impl.h\n'}
[33.702587] (beluga) StdoutLine: {'line': b'-- Installing: /home/admi3ev/Beluga-Firmware-Mod/install/beluga/include/daw/impl/daw_traits_impl.h\n'}
[33.702653] (beluga) StdoutLine: {'line': b'-- Installing: /home/admi3ev/Beluga-Firmware-Mod/install/beluga/include/daw/impl/daw_make_trait.h\n'}
[33.702718] (beluga) StdoutLine: {'line': b'-- Installing: /home/admi3ev/Beluga-Firmware-Mod/install/beluga/include/daw/impl/daw_is_string_view_like.h\n'}
[33.702783] (beluga) StdoutLine: {'line': b'-- Installing: /home/admi3ev/Beluga-Firmware-Mod/install/beluga/include/daw/impl/daw_gcc_clang_int128.h\n'}
[33.702848] (beluga) StdoutLine: {'line': b'-- Installing: /home/admi3ev/Beluga-Firmware-Mod/install/beluga/include/daw/impl/daw_int_to_iterator.h\n'}
[33.702913] (beluga) StdoutLine: {'line': b'-- Installing: /home/admi3ev/Beluga-Firmware-Mod/install/beluga/include/daw/impl/daw_int128_check.h\n'}
[33.702978] (beluga) StdoutLine: {'line': b'-- Installing: /home/admi3ev/Beluga-Firmware-Mod/install/beluga/include/daw/impl/daw_string_impl.h\n'}
[33.703042] (beluga) StdoutLine: {'line': b'-- Installing: /home/admi3ev/Beluga-Firmware-Mod/install/beluga/include/daw/compressed_pair.h\n'}
[33.704482] (beluga) StdoutLine: {'line': b'-- Installing: /home/admi3ev/Beluga-Firmware-Mod/install/beluga/include/daw/daw_function_view.h\n'}
[33.704690] (beluga) StdoutLine: {'line': b'-- Installing: /home/admi3ev/Beluga-Firmware-Mod/install/beluga/include/daw/daw_assume.h\n'}
[33.705433] (beluga) StdoutLine: {'line': b'-- Installing: /home/admi3ev/Beluga-Firmware-Mod/install/beluga/include/daw/daw_bitset_helper.h\n'}
[33.708293] (beluga) StdoutLine: {'line': b'-- Installing: /home/admi3ev/Beluga-Firmware-Mod/install/beluga/include/daw/daw_format_string_view.h\n'}
[33.708378] (beluga) StdoutLine: {'line': b'-- Installing: /home/admi3ev/Beluga-Firmware-Mod/install/beluga/lib/cmake/daw-utf-range/daw-utf-rangeTargets.cmake\n'}
[33.708446] (beluga) StdoutLine: {'line': b'-- Installing: /home/admi3ev/Beluga-Firmware-Mod/install/beluga/lib/cmake/daw-utf-range/daw-utf-rangeConfig.cmake\n'}
[33.708525] (beluga) StdoutLine: {'line': b'-- Installing: /home/admi3ev/Beluga-Firmware-Mod/install/beluga/lib/cmake/daw-utf-range/daw-utf-rangeConfigVersion.cmake\n'}
[33.708594] (beluga) StdoutLine: {'line': b'-- Up-to-date: /home/admi3ev/Beluga-Firmware-Mod/install/beluga/include/daw\n'}
[33.708658] (beluga) StdoutLine: {'line': b'-- Installing: /home/admi3ev/Beluga-Firmware-Mod/install/beluga/include/daw/utf8.h\n'}
[33.708722] (beluga) StdoutLine: {'line': b'-- Installing: /home/admi3ev/Beluga-Firmware-Mod/install/beluga/include/daw/utf_range\n'}
[33.708786] (beluga) StdoutLine: {'line': b'-- Installing: /home/admi3ev/Beluga-Firmware-Mod/install/beluga/include/daw/utf_range/daw_utf_range.h\n'}
[33.708858] (beluga) StdoutLine: {'line': b'-- Installing: /home/admi3ev/Beluga-Firmware-Mod/install/beluga/include/daw/utf_range/daw_utf_string.h\n'}
[33.708922] (beluga) StdoutLine: {'line': b'-- Installing: /home/admi3ev/Beluga-Firmware-Mod/install/beluga/include/daw/utf8\n'}
[33.708986] (beluga) StdoutLine: {'line': b'-- Installing: /home/admi3ev/Beluga-Firmware-Mod/install/beluga/include/daw/utf8/unchecked.h\n'}
[33.709049] (beluga) StdoutLine: {'line': b'-- Installing: /home/admi3ev/Beluga-Firmware-Mod/install/beluga/include/daw/utf8/core.h\n'}
[33.709130] (beluga) StdoutLine: {'line': b'-- Installing: /home/admi3ev/Beluga-Firmware-Mod/install/beluga/include/daw/utf8/checked.h\n'}
[33.709197] (beluga) StdoutLine: {'line': b'-- Installing: /home/admi3ev/Beluga-Firmware-Mod/install/beluga/share/daw-json-link/cmake/daw-json-linkTargets.cmake\n'}
[33.709260] (beluga) StdoutLine: {'line': b'-- Installing: /home/admi3ev/Beluga-Firmware-Mod/install/beluga/share/daw-json-link/cmake/daw-json-linkConfig.cmake\n'}
[33.709323] (beluga) StdoutLine: {'line': b'-- Installing: /home/admi3ev/Beluga-Firmware-Mod/install/beluga/share/daw-json-link/cmake/daw-json-linkConfigVersion.cmake\n'}
[33.709387] (beluga) StdoutLine: {'line': b'-- Up-to-date: /home/admi3ev/Beluga-Firmware-Mod/install/beluga/include/\n'}
[33.709451] (beluga) StdoutLine: {'line': b'-- Up-to-date: /home/admi3ev/Beluga-Firmware-Mod/install/beluga/include//daw\n'}
[33.709515] (beluga) StdoutLine: {'line': b'-- Installing: /home/admi3ev/Beluga-Firmware-Mod/install/beluga/include//daw/third_party\n'}
[33.709577] (beluga) StdoutLine: {'line': b'-- Installing: /home/admi3ev/Beluga-Firmware-Mod/install/beluga/include//daw/third_party/dragonbox\n'}
[33.709640] (beluga) StdoutLine: {'line': b'-- Installing: /home/admi3ev/Beluga-Firmware-Mod/install/beluga/include//daw/third_party/dragonbox/dragonbox_to_chars.h\n'}
[33.709703] (beluga) StdoutLine: {'line': b'-- Installing: /home/admi3ev/Beluga-Firmware-Mod/install/beluga/include//daw/third_party/dragonbox/dragonbox.h\n'}
[33.709767] (beluga) StdoutLine: {'line': b'-- Installing: /home/admi3ev/Beluga-Firmware-Mod/install/beluga/include//daw/third_party/dragonbox/dragonbox_to_decimal.h\n'}
[33.709830] (beluga) StdoutLine: {'line': b'-- Installing: /home/admi3ev/Beluga-Firmware-Mod/install/beluga/include//daw/json\n'}
[33.709893] (beluga) StdoutLine: {'line': b'-- Installing: /home/admi3ev/Beluga-Firmware-Mod/install/beluga/include//daw/json/daw_json_apply.h\n'}
[33.709956] (beluga) StdoutLine: {'line': b'-- Installing: /home/admi3ev/Beluga-Firmware-Mod/install/beluga/include//daw/json/daw_json_iostream.h\n'}
[33.710020] (beluga) StdoutLine: {'line': b'-- Installing: /home/admi3ev/Beluga-Firmware-Mod/install/beluga/include//daw/json/daw_json_link_describe.h\n'}
[33.710092] (beluga) StdoutLine: {'line': b'-- Installing: /home/admi3ev/Beluga-Firmware-Mod/install/beluga/include//daw/json/daw_json_lines_iterator.h\n'}
[33.710163] (beluga) StdoutLine: {'line': b'-- Installing: /home/admi3ev/Beluga-Firmware-Mod/install/beluga/include//daw/json/daw_json_boost_pfr_mapping.h\n'}
[33.710226] (beluga) StdoutLine: {'line': b'-- Installing: /home/admi3ev/Beluga-Firmware-Mod/install/beluga/include//daw/json/daw_json_event_parser.h\n'}
[33.710289] (beluga) StdoutLine: {'line': b'-- Installing: /home/admi3ev/Beluga-Firmware-Mod/install/beluga/include//daw/json/daw_to_json.h\n'}
[33.710358] (beluga) StdoutLine: {'line': b'-- Installing: /home/admi3ev/Beluga-Firmware-Mod/install/beluga/include//daw/json/daw_json_exception.h\n'}
[33.710420] (beluga) StdoutLine: {'line': b'-- Installing: /home/admi3ev/Beluga-Firmware-Mod/install/beluga/include//daw/json/daw_json_parse_options.h\n'}
[33.710481] (beluga) StdoutLine: {'line': b'-- Installing: /home/admi3ev/Beluga-Firmware-Mod/install/beluga/include//daw/json/daw_json_switches.h\n'}
[33.710544] (beluga) StdoutLine: {'line': b'-- Installing: /home/admi3ev/Beluga-Firmware-Mod/install/beluga/include//daw/json/concepts\n'}
[33.710606] (beluga) StdoutLine: {'line': b'-- Installing: /home/admi3ev/Beluga-Firmware-Mod/install/beluga/include//daw/json/concepts/daw_container_traits_fwd.h\n'}
[33.710668] (beluga) StdoutLine: {'line': b'-- Installing: /home/admi3ev/Beluga-Firmware-Mod/install/beluga/include//daw/json/concepts/daw_container_traits.h\n'}
[33.710735] (beluga) StdoutLine: {'line': b'-- Installing: /home/admi3ev/Beluga-Firmware-Mod/install/beluga/include//daw/json/concepts/readme.md\n'}
[33.710798] (beluga) StdoutLine: {'line': b'-- Installing: /home/admi3ev/Beluga-Firmware-Mod/install/beluga/include//daw/json/concepts/daw_nullable_value.h\n'}
[33.710860] (beluga) StdoutLine: {'line': b'-- Installing: /home/admi3ev/Beluga-Firmware-Mod/install/beluga/include//daw/json/concepts/daw_writable_output_fwd.h\n'}
[33.710923] (beluga) StdoutLine: {'line': b'-- Installing: /home/admi3ev/Beluga-Firmware-Mod/install/beluga/include//daw/json/concepts/daw_nullable_value_fwd.h\n'}
[33.710985] (beluga) StdoutLine: {'line': b'-- Installing: /home/admi3ev/Beluga-Firmware-Mod/install/beluga/include//daw/json/concepts/daw_writable_output_ostream.h\n'}
[33.711048] (beluga) StdoutLine: {'line': b'-- Installing: /home/admi3ev/Beluga-Firmware-Mod/install/beluga/include//daw/json/concepts/daw_writable_output.h\n'}
[33.714256] (beluga) StdoutLine: {'line': b'-- Installing: /home/admi3ev/Beluga-Firmware-Mod/install/beluga/include//daw/json/concepts/daw_writable_output_cstdio.h\n'}
[33.714356] (beluga) StdoutLine: {'line': b'-- Installing: /home/admi3ev/Beluga-Firmware-Mod/install/beluga/include//daw/json/concepts/impl\n'}
[33.714428] (beluga) StdoutLine: {'line': b'-- Installing: /home/admi3ev/Beluga-Firmware-Mod/install/beluga/include//daw/json/concepts/impl/daw_writable_output_details.h\n'}
[33.714495] (beluga) StdoutLine: {'line': b'-- Installing: /home/admi3ev/Beluga-Firmware-Mod/install/beluga/include//daw/json/concepts/daw_writable_output_basics.h\n'}
[33.714577] (beluga) StdoutLine: {'line': b'-- Installing: /home/admi3ev/Beluga-Firmware-Mod/install/beluga/include//daw/json/daw_json_link.h\n'}
[33.714644] (beluga) StdoutLine: {'line': b'-- Installing: /home/admi3ev/Beluga-Firmware-Mod/install/beluga/include//daw/json/daw_json_schema.h\n'}
[33.714708] (beluga) StdoutLine: {'line': b'-- Installing: /home/admi3ev/Beluga-Firmware-Mod/install/beluga/include//daw/json/daw_json_serialize_options.h\n'}
[33.714772] (beluga) StdoutLine: {'line': b'-- Installing: /home/admi3ev/Beluga-Firmware-Mod/install/beluga/include//daw/json/daw_from_json_fwd.h\n'}
[33.714835] (beluga) StdoutLine: {'line': b'-- Installing: /home/admi3ev/Beluga-Firmware-Mod/install/beluga/include//daw/json/daw_json_find_path.h\n'}
[33.714899] (beluga) StdoutLine: {'line': b'-- Installing: /home/admi3ev/Beluga-Firmware-Mod/install/beluga/include//daw/json/daw_json_default_constuctor_fwd.h\n'}
[33.714963] (beluga) StdoutLine: {'line': b'-- Installing: /home/admi3ev/Beluga-Firmware-Mod/install/beluga/include//daw/json/daw_json_value_state.h\n'}
[33.715028] (beluga) StdoutLine: {'line': b'-- Installing: /home/admi3ev/Beluga-Firmware-Mod/install/beluga/include//daw/json/daw_from_json.h\n'}
[33.715111] (beluga) StdoutLine: {'line': b'-- Installing: /home/admi3ev/Beluga-Firmware-Mod/install/beluga/include//daw/json/daw_json_iterator.h\n'}
[33.715182] (beluga) StdoutLine: {'line': b'-- Installing: /home/admi3ev/Beluga-Firmware-Mod/install/beluga/include//daw/json/daw_json_data_contract.h\n'}
[33.715247] (beluga) StdoutLine: {'line': b'-- Installing: /home/admi3ev/Beluga-Firmware-Mod/install/beluga/include//daw/json/impl\n'}
[33.715316] (beluga) StdoutLine: {'line': b'-- Installing: /home/admi3ev/Beluga-Firmware-Mod/install/beluga/include//daw/json/impl/daw_json_allocator_wrapper.h\n'}
[33.715381] (beluga) StdoutLine: {'line': b'-- Installing: /home/admi3ev/Beluga-Firmware-Mod/install/beluga/include//daw/json/impl/version.h\n'}
[33.715454] (beluga) StdoutLine: {'line': b'-- Installing: /home/admi3ev/Beluga-Firmware-Mod/install/beluga/include//daw/json/impl/daw_json_link_types_fwd.h\n'}
[33.715521] (beluga) StdoutLine: {'line': b'-- Installing: /home/admi3ev/Beluga-Firmware-Mod/install/beluga/include//daw/json/impl/daw_json_parse_policy.h\n'}
[33.715589] (beluga) StdoutLine: {'line': b'-- Installing: /home/admi3ev/Beluga-Firmware-Mod/install/beluga/include//daw/json/impl/daw_json_parse_digit.h\n'}
[33.715655] (beluga) StdoutLine: {'line': b'-- Installing: /home/admi3ev/Beluga-Firmware-Mod/install/beluga/include//daw/json/impl/daw_json_enums.h\n'}
[33.715722] (beluga) StdoutLine: {'line': b'-- Installing: /home/admi3ev/Beluga-Firmware-Mod/install/beluga/include//daw/json/impl/daw_json_option_bits.h\n'}
[33.715788] (beluga) StdoutLine: {'line': b'-- Installing: /home/admi3ev/Beluga-Firmware-Mod/install/beluga/include//daw/json/impl/daw_json_traits.h\n'}
[33.715854] (beluga) StdoutLine: {'line': b'-- Installing: /home/admi3ev/Beluga-Firmware-Mod/install/beluga/include//daw/json/impl/daw_murmur3.h\n'}
[33.715920] (beluga) StdoutLine: {'line': b'-- Installing: /home/admi3ev/Beluga-Firmware-Mod/install/beluga/include//daw/json/impl/daw_json_assert.h\n'}
[33.715987] (beluga) StdoutLine: {'line': b'-- Installing: /home/admi3ev/Beluga-Firmware-Mod/install/beluga/include//daw/json/impl/daw_json_link_types_aggregate.h\n'}
[33.716054] (beluga) StdoutLine: {'line': b'-- Installing: /home/admi3ev/Beluga-Firmware-Mod/install/beluga/include//daw/json/impl/daw_json_parse_std_string.h\n'}
[33.716145] (beluga) StdoutLine: {'line': b'-- Installing: /home/admi3ev/Beluga-Firmware-Mod/install/beluga/include//daw/json/impl/daw_json_types_base.h\n'}
[33.716216] (beluga) StdoutLine: {'line': b'-- Installing: /home/admi3ev/Beluga-Firmware-Mod/install/beluga/include//daw/json/impl/daw_json_parse_array_sse42_iterator.h\n'}
[33.716289] (beluga) StdoutLine: {'line': b'-- Installing: /home/admi3ev/Beluga-Firmware-Mod/install/beluga/include//daw/json/impl/daw_json_parse_string_quote.h\n'}
[33.716353] (beluga) StdoutLine: {'line': b'-- Installing: /home/admi3ev/Beluga-Firmware-Mod/install/beluga/include//daw/json/impl/daw_json_parse_policy_policy_details.h\n'}
[33.716418] (beluga) StdoutLine: {'line': b'-- Installing: /home/admi3ev/Beluga-Firmware-Mod/install/beluga/include//daw/json/impl/daw_json_reflection.h\n'}
[33.716625] (beluga) StdoutLine: {'line': b'-- Installing: /home/admi3ev/Beluga-Firmware-Mod/install/beluga/include//daw/json/impl/daw_json_parse_value.h\n'}
[33.716701] (beluga) StdoutLine: {'line': b'-- Installing: /home/admi3ev/Beluga-Firmware-Mod/install/beluga/include//daw/json/impl/daw_json_find_result.h\n'}
[33.716772] (beluga) StdoutLine: {'line': b'-- Installing: /home/admi3ev/Beluga-Firmware-Mod/install/beluga/include//daw/json/impl/daw_json_parse_policy_no_comments.h\n'}
[33.716841] (beluga) StdoutLine: {'line': b'-- Installing: /home/admi3ev/Beluga-Firmware-Mod/install/beluga/include//daw/json/impl/daw_json_default_constuctor.h\n'}
[33.716909] (beluga) StdoutLine: {'line': b'-- Installing: /home/admi3ev/Beluga-Firmware-Mod/install/beluga/include//daw/json/impl/daw_json_serialize_options_impl.h\n'}
[33.716976] (beluga) StdoutLine: {'line': b'-- Installing: /home/admi3ev/Beluga-Firmware-Mod/install/beluga/include//daw/json/impl/daw_json_type_options.h\n'}
[33.717043] (beluga) StdoutLine: {'line': b'-- Installing: /home/admi3ev/Beluga-Firmware-Mod/install/beluga/include//daw/json/impl/daw_json_parse_common.h\n'}
[33.717393] (beluga) StdoutLine: {'line': b'-- Installing: /home/admi3ev/Beluga-Firmware-Mod/install/beluga/include//daw/json/impl/daw_json_alternate_mapping.h\n'}
[33.717719] (beluga) StdoutLine: {'line': b'-- Installing: /home/admi3ev/Beluga-Firmware-Mod/install/beluga/include//daw/json/impl/daw_json_parse_options_impl.h\n'}
[33.717842] (beluga) StdoutLine: {'line': b'-- Installing: /home/admi3ev/Beluga-Firmware-Mod/install/beluga/include//daw/json/impl/daw_json_arrow_proxy.h\n'}
[33.717915] (beluga) StdoutLine: {'line': b'-- Installing: /home/admi3ev/Beluga-Firmware-Mod/install/beluga/include//daw/json/impl/daw_fp_fallback.h\n'}
[33.717984] (beluga) StdoutLine: {'line': b'-- Installing: /home/admi3ev/Beluga-Firmware-Mod/install/beluga/include//daw/json/impl/daw_json_serialize_policy_details.h\n'}
[33.718054] (beluga) StdoutLine: {'line': b'-- Installing: /home/admi3ev/Beluga-Firmware-Mod/install/beluga/include//daw/json/impl/daw_json_req_helper.h\n'}
[33.718368] (beluga) StdoutLine: {'line': b'-- Installing: /home/admi3ev/Beluga-Firmware-Mod/install/beluga/include//daw/json/impl/daw_json_value_fwd.h\n'}
[33.719003] (beluga) StdoutLine: {'line': b'-- Installing: /home/admi3ev/Beluga-Firmware-Mod/install/beluga/include//daw/json/impl/daw_json_location_info.h\n'}
[33.719088] (beluga) StdoutLine: {'line': b'-- Installing: /home/admi3ev/Beluga-Firmware-Mod/install/beluga/include//daw/json/impl/daw_json_parse_real_power10.h\n'}
[33.719212] (beluga) StdoutLine: {'line': b'-- Installing: /home/admi3ev/Beluga-Firmware-Mod/install/beluga/include//daw/json/impl/daw_json_parse_kv_array_iterator.h\n'}
[33.719284] (beluga) StdoutLine: {'line': b'-- Installing: /home/admi3ev/Beluga-Firmware-Mod/install/beluga/include//daw/json/impl/daw_json_exec_modes.h\n'}
[33.719354] (beluga) StdoutLine: {'line': b'-- Installing: /home/admi3ev/Beluga-Firmware-Mod/install/beluga/include//daw/json/impl/daw_json_string_util.h\n'}
[33.719422] (beluga) StdoutLine: {'line': b'-- Installing: /home/admi3ev/Beluga-Firmware-Mod/install/beluga/include//daw/json/impl/daw_json_parse_string_need_slow.h\n'}
[33.719490] (beluga) StdoutLine: {'line': b'-- Installing: /home/admi3ev/Beluga-Firmware-Mod/install/beluga/include//daw/json/impl/daw_json_value.h\n'}
[33.719559] (beluga) StdoutLine: {'line': b'-- Installing: /home/admi3ev/Beluga-Firmware-Mod/install/beluga/include//daw/json/impl/daw_json_serialize_policy.h\n'}
[33.719627] (beluga) StdoutLine: {'line': b'-- Installing: /home/admi3ev/Beluga-Firmware-Mod/install/beluga/include//daw/json/impl/daw_json_serialize_impl.h\n'}
[33.719695] (beluga) StdoutLine: {'line': b'-- Installing: /home/admi3ev/Beluga-Firmware-Mod/install/beluga/include//daw/json/impl/daw_json_parse_real.h\n'}
[33.719764] (beluga) StdoutLine: {'line': b'-- Installing: /home/admi3ev/Beluga-Firmware-Mod/install/beluga/include//daw/json/impl/daw_count_digits.h\n'}
[33.719832] (beluga) StdoutLine: {'line': b'-- Installing: /home/admi3ev/Beluga-Firmware-Mod/install/beluga/include//daw/json/impl/daw_json_parse_class.h\n'}
[33.719901] (beluga) StdoutLine: {'line': b'-- Installing: /home/admi3ev/Beluga-Firmware-Mod/install/beluga/include//daw/json/impl/to_daw_json_string.h\n'}
[33.719970] (beluga) StdoutLine: {'line': b'-- Installing: /home/admi3ev/Beluga-Firmware-Mod/install/beluga/include//daw/json/impl/daw_json_reflection_helpers.h\n'}
[33.720039] (beluga) StdoutLine: {'line': b'-- Installing: /home/admi3ev/Beluga-Firmware-Mod/install/beluga/include//daw/json/impl/daw_not_const_ex_functions.h\n'}
[33.720261] (beluga) StdoutLine: {'line': b'-- Installing: /home/admi3ev/Beluga-Firmware-Mod/install/beluga/include//daw/json/impl/daw_json_parse_policy_hash_comments.h\n'}
[33.720398] (beluga) StdoutLine: {'line': b'-- Installing: /home/admi3ev/Beluga-Firmware-Mod/install/beluga/include//daw/json/impl/daw_json_parse_iso8601_utils.h\n'}
[33.720474] (beluga) StdoutLine: {'line': b'-- Installing: /home/admi3ev/Beluga-Firmware-Mod/install/beluga/include//daw/json/impl/daw_json_parse_value_fwd.h\n'}
[33.720545] (beluga) StdoutLine: {'line': b'-- Installing: /home/admi3ev/Beluga-Firmware-Mod/install/beluga/include//daw/json/impl/power_of_five_128_table.h\n'}
[33.720613] (beluga) StdoutLine: {'line': b'-- Installing: /home/admi3ev/Beluga-Firmware-Mod/install/beluga/include//daw/json/impl/daw_json_parse_policy_cpp_comments.h\n'}
[33.720692] (beluga) StdoutLine: {'line': b'-- Installing: /home/admi3ev/Beluga-Firmware-Mod/install/beluga/include//daw/json/impl/daw_json_container_appender.h\n'}
[33.720761] (beluga) StdoutLine: {'line': b'-- Installing: /home/admi3ev/Beluga-Firmware-Mod/install/beluga/include//daw/json/impl/daw_json_parse_name.h\n'}
[33.720831] (beluga) StdoutLine: {'line': b'-- Installing: /home/admi3ev/Beluga-Firmware-Mod/install/beluga/include//daw/json/impl/daw_json_skip.h\n'}
[33.720900] (beluga) StdoutLine: {'line': b'-- Installing: /home/admi3ev/Beluga-Firmware-Mod/install/beluga/include//daw/json/impl/daw_json_parse_kv_class_iterator.h\n'}
[33.720970] (beluga) StdoutLine: {'line': b'-- Installing: /home/admi3ev/Beluga-Firmware-Mod/install/beluga/include//daw/json/impl/daw_json_construct_value.h\n'}
[33.721038] (beluga) StdoutLine: {'line': b'-- Installing: /home/admi3ev/Beluga-Firmware-Mod/install/beluga/include//daw/json/impl/daw_json_parse_array_iterator.h\n'}
[33.721138] (beluga) StdoutLine: {'line': b'-- Installing: /home/admi3ev/Beluga-Firmware-Mod/install/beluga/include//daw/json/impl/daw_json_name.h\n'}
[33.721247] (beluga) StdoutLine: {'line': b'-- Installing: /home/admi3ev/Beluga-Firmware-Mod/install/beluga/include//daw/json/impl/daw_json_reflection_impl.h\n'}
[33.721317] (beluga) StdoutLine: {'line': b'-- Installing: /home/admi3ev/Beluga-Firmware-Mod/install/beluga/include//daw/json/impl/daw_json_parse_unsigned_int.h\n'}
[33.721386] (beluga) StdoutLine: {'line': b'-- Installing: /home/admi3ev/Beluga-Firmware-Mod/install/beluga/include//daw/json/impl/daw_json_link_types_iso8601.h\n'}
[33.721454] (beluga) StdoutLine: {'line': b'-- Installing: /home/admi3ev/Beluga-Firmware-Mod/install/beluga/include//daw/json/daw_json_link_types.h\n'}
[33.721579] (beluga) StdoutLine: {'line': b'-- Installing: /home/admi3ev/Beluga-Firmware-Mod/install/beluga/include//daw/json/daw_to_json_fwd.h\n'}
[33.721649] (beluga) StdoutLine: {'line': b'-- Installing: /home/admi3ev/Beluga-Firmware-Mod/install/beluga/include//daw/daw_allocator_construct.h\n'}
[33.721717] (beluga) StdoutLine: {'line': b'-- Installing: /home/admi3ev/Beluga-Firmware-Mod/install/beluga/include//daw/daw_tuple_forward.h\n'}
[33.721784] (beluga) StdoutLine: {'line': b'-- Installing: /home/admi3ev/Beluga-Firmware-Mod/install/beluga/lib/beluga/beluga\n'}
[33.721852] (beluga) StdoutLine: {'line': b'-- Set runtime path of "/home/admi3ev/Beluga-Firmware-Mod/install/beluga/lib/beluga/beluga" to ""\n'}
[33.721920] (beluga) StdoutLine: {'line': b'-- Installing: /home/admi3ev/Beluga-Firmware-Mod/install/beluga/share/ament_index/resource_index/package_run_dependencies/beluga\n'}
[33.721990] (beluga) StdoutLine: {'line': b'-- Installing: /home/admi3ev/Beluga-Firmware-Mod/install/beluga/share/ament_index/resource_index/parent_prefix_path/beluga\n'}
[33.722058] (beluga) StdoutLine: {'line': b'-- Installing: /home/admi3ev/Beluga-Firmware-Mod/install/beluga/share/beluga/environment/ament_prefix_path.sh\n'}
[33.722194] (beluga) StdoutLine: {'line': b'-- Installing: /home/admi3ev/Beluga-Firmware-Mod/install/beluga/share/beluga/environment/ament_prefix_path.dsv\n'}
[33.722323] (beluga) StdoutLine: {'line': b'-- Installing: /home/admi3ev/Beluga-Firmware-Mod/install/beluga/share/beluga/environment/path.sh\n'}
[33.722392] (beluga) StdoutLine: {'line': b'-- Installing: /home/admi3ev/Beluga-Firmware-Mod/install/beluga/share/beluga/environment/path.dsv\n'}
[33.722461] (beluga) StdoutLine: {'line': b'-- Installing: /home/admi3ev/Beluga-Firmware-Mod/install/beluga/share/beluga/local_setup.bash\n'}
[33.722529] (beluga) StdoutLine: {'line': b'-- Installing: /home/admi3ev/Beluga-Firmware-Mod/install/beluga/share/beluga/local_setup.sh\n'}
[33.722597] (beluga) StdoutLine: {'line': b'-- Installing: /home/admi3ev/Beluga-Firmware-Mod/install/beluga/share/beluga/local_setup.zsh\n'}
[33.722667] (beluga) StdoutLine: {'line': b'-- Installing: /home/admi3ev/Beluga-Firmware-Mod/install/beluga/share/beluga/local_setup.dsv\n'}
[33.722851] (beluga) StdoutLine: {'line': b'-- Installing: /home/admi3ev/Beluga-Firmware-Mod/install/beluga/share/beluga/package.dsv\n'}
[33.722928] (beluga) StdoutLine: {'line': b'-- Installing: /home/admi3ev/Beluga-Firmware-Mod/install/beluga/share/ament_index/resource_index/packages/beluga\n'}
[33.723003] (beluga) StdoutLine: {'line': b'-- Installing: /home/admi3ev/Beluga-Firmware-Mod/install/beluga/share/beluga/cmake/belugaConfig.cmake\n'}
[33.723073] (beluga) StdoutLine: {'line': b'-- Installing: /home/admi3ev/Beluga-Firmware-Mod/install/beluga/share/beluga/cmake/belugaConfig-version.cmake\n'}
[33.723220] (beluga) StdoutLine: {'line': b'-- Installing: /home/admi3ev/Beluga-Firmware-Mod/install/beluga/share/beluga/package.xml\n'}
[33.723300] (beluga) CommandEnded: {'returncode': 0}
[33.738223] (beluga) JobEnded: {'identifier': 'beluga', 'rc': 0}
[33.739438] (-) EventReactorShutdown: {}
